id,name (LP이름),image,category,수록일자,국가,위치,가수,side1,side2,,,,,memo,비고,,,,,,,,,,,,
1,,,,,,,,,,,,,,,,,,,,,,,,,,,
ex,Nine Track Mind,images/1758103116_zg3Kp5zFrGN8uaXBSZ9KbQ3ogv-8k2lD0bAoiekJ5gCXowu4ToDkE8dzBV98XH0dpyWAPPyYD7_gyaRxuWjvQA.webp,수입/pop,2016-06-03,미국,A-14,Charlie Puth (찰리 푸스),"ONE CALL AWAY
DANGEROUSLY
MARVIN GAYE
LOSING MY MIND
WE DON'T TALK ANYMORE
MY GOSPEL","UP ALL NIGHT
LEFT RIGHT LEFT
THEN THERE'S YOU
SUFFER
AS YOU ARE
SOME THPE OF LOVE
SEE YOU AGAIN",,,,,"빌보드 싱글 차트 12주 1위 곡 See You Again
히트 싱글 One Call Away
빌보드 싱글 차트 탑 10 We Don’t Talk Anymore로 성장해가고 있는 차세대 초대형 팝 스타 찰리 푸스 Charlie Puth

전 세계를 사로잡은 One Call Away, Marvin Gaye, We Don't Talk Anymore, See You Again 등",,,,,,,,,,,,,
,김현식 2집,,국내/가요,1988,대한민국,A-1-15,김현식,"사랑했어요
회상
어둠 그별빛
떠나기전에
그대 외로워지면
시장에 가면
","바람인줄 알았는데
당신의 모습
너를 기다리며
아무말도 하지말아요
변덕쟁이",,,,,,,,,,,,,,,,,,
,김현식 4집,,국내/가요,1988,대한민국,,김현식,"언제나 그대 내곁에
여름밤의 꿈
한밤중에
이제는
우리네 인생","사랑할 수 없어
그내 내품에
기다리겠소
한국사람
우리처음 만난날",,,,,,,,,,,,,,,,,,
,김현식 5집,,국내/가요,1990,대한민국,,김현식,"향기없는 꽃
넋두리
그거리 그벤취
도시의 밤","거울이 되어
재회
사랑의 나눔이 있는곳
밤의 고독속에서
할렐루야",,,,,,,,,,,,,,,,,,
,김현철 1집,,국내/가요,1989,대한민국,,김현철,"오랜만에
눈이 오는 날이면
춘천가는 기차
아침향기","동네
비가 와
나의 그대는
형",,,,,,,,,,,,,,,,,,
,낯선사람들,,국내/가요,1993,대한민국,,낯선 사람들,"낯선 사람들
동그라미, 네모, 세모
비닐우산
왜 늘...?
색칠을 할까","해의 고민
무대위에
무대위에 Reprise
동물원
버느나무가 있는 공원",,,,,,,,,,,,,,,,,,
,노래를 찾는 사람들1,,국내/가요,1984,대한민국,,노래를 찾는 사람들,"갈 수 없는 고향
바람 씽씽
산하
내눈길 닿는 곳 어디나
그루터기","일요일이 다가는 소리
빼앗긴 들에도 봄은 오는가
기도
바다여 바다여
너와 내가",,,,,,,,,,,,,,,,,,
,노래를 찾는 사람들2,,국내/가요,1989,대한민국,,노래를 찾는 사람들,"솔아솔아 푸르른 솔아
광야에서
사계
마른잎 다시 살아나
그날이 오면","저 평등의 땅에
이산하에
오월의 노래
잠들지 않는 남도",,,,,,,,,,,,,,,,,,
,다섯 손가락 1집,,국내/가요,1985,,,"다섯 손가락(임형순, 이두헌, 박강영, 최태완, 이우빈)","새벽 기차
오늘은 정말
좁은 골목
그대
작은 기쁨","수요일엔 빨간 장미를
슬픈 사랑
고독한 이에게
사라진 가을
시장에 가면",,,,,,,,,,,,,,,,,,
,동서남북,,국내/가요,1980,,,"동서남북(박호준, 이태열, 이동훈, 김득권, 이관형, 김광민, 김준응)","하나가 되어요
모래위에 핀 꽃처럼
바람
밤 비(경음악)","나비
빗줄기
그대",,,,,,,,,,,,,,,,,,
,동물원 1집,,국내/가요,1988,,,동물원,"거리에서
말하지못한 내 사랑
잊혀지는 것
지붕위의 별
어느 하루
무전여행","비결
변해가네
귀 기울여요
그리움
여기서 우리
아! 대한민국",,,,,,,,,,,,,,,,,,
,동물원 2집(두 번째 노래 모음),,국내/가요,1988,대한민국,,동물원,"흐린 가을 하늘에 편지를 써
새장 속의 친구
동물원
이별할때","별빛 가득한 밤에
잘가
길 잃은 아이처럼
혜화동",,,,,,,,,,,,,,,,,,
,들국화 1집,https://i.namu.wiki/i/-9_CcwtIXZ9_Hy658cpEnw6fbFSk75KbcVsFBvUL17Lg_55xRNtS1DhnLWWWX7_9vECYs-89A7qLPcaoSeDb0yFSvqQ9tbAiRX_jkhxCNmkaZyAqPO1x1rQp_mHCxroD2qjNL1UsoWDws9_Bz60dsA.webp,국내/가요,1985,대한민국,,들국화,"행진
그것만이 내세상
세계로 가는 기차
더이상 내게
축복합니다","사랑일뿐이야
매일 그대와
오후만 있던 일요일
아침이 밝아올때까지
우리의 소원",,,,,,,,,,,,,,,,,,
,빛과 소금 1집,https://i.namu.wiki/i/T72pdbIKJmg_7C4WsePL0Yoe07ZqouqnOciRsgBfnIvlYX2SWuovezzLEx3HiXO5g1kDft9QQOAt62YvL7c-y0IS7N2fJrmz1UhRKhN4ThEKE0GpReuH3ZjpoQVfObaQXUcsu6XDiLuwOep5n02aHw.webp,국내/가요,1990,대한민국,A-2-1,빛과 소금,"아침
슬픈 인형
샴푸의 요정
BEAUTIFUL
돌아와줘","빛, 1990(instrumental)
그대 떠난뒤
내겐 노래였어
그녀를 위해(instrumental)",,,,,,,,,,,,,,,,,,
,미선이 1집,https://image.aladin.co.kr/product/2980/88/cover500/6000651806_1.jpg,국내/가요,"1,998₩",,,미선이,"sam
송시
진달래
치질
drifting","섬
shalom
시간
두번째 세상
drifting(instrumental)",,,,,,,,,,,,,,,,,,
,봄 여름 가을 겨울 2집,https://i.namu.wiki/i/xqTn_8PrJeM57je4f5YAdFF6pLWm06WFFQ8HnwKKZzI9L-FZ4fJcWHOXp1HdV_-Af7yIb_-mZMCIthTIYS4BQBrYMg8bLtetFujU0E47q_SsMb262dl55L2Yh3IA3YK5C_B7_lZ5IalYei6eKbP-zw.webp,국내/가요,1989,대한민국,,봄여름가을겨울,"나의 아름다운 노래가 당신의 마음을 깨끗하게 할 수 있다면...(instrumental)
어떤이의 꿈
쓸쓸한 오후
봄 여름 가을 겨울
내품에 안기어","그대, 별이 지는 밤으로(instrumental)
하루가 가고 또 하루가 오면
열일곱 그리고 스물넷
사랑해(오직 그대만)
못다한 내마음을......(instrumental)",,,,,,,,,,,,,,,,,,
,봄 여름 가을 겨울 1집,https://i.namu.wiki/i/GizmjxCs2Ddih5gbVjp13yd2yKAYiGogFelj2DeLfaueWSWMa-ul7fUuwxEuhAong_is6zqCzpRqbVY4mmsUWE21nwGEvEewIPmgU4Jm7iL-tSuRJKUiSJnDCwF_MoRQmdWRFFCXF8c_RRfk63v8FA.webp,국내/가요,1988,대한민국,,봄여름가을겨울,"항상 기뻐하는 사람들(봄)
헤어지긴 정말로 싫어
내가 걷는 길
거리의 악사(여름)
혼자걷는 나의 뒷모습","사람들은 모두 변하나봐(가을)
방황
전화
보고싶은 친구
12월 31일(겨울)",,,,,,,,,,,,,,,,,,
,Rock Will Never Die,https://i.namu.wiki/i/ZKDDmWXMdePVEFurGdZ4QCOiMygqKIqAaSfbH8O2_5zFkBQ2NQCI89JTqnigSMqAw9yS3g8PiM5TNHOvrcyXQGXqEe4Kl0Qkr9RXCxIpSI4VhPL-v2s4oaCHVhXID2y-i0oNCA0PQuzuk9SzjXRbjw.webp,국내/가요,1986,대한민국,,부활,"희야
비와 당신의 이야기
너뿐이야
길가의 연인들","인형의 부활
슬픈 환상
사랑 아닌 친구
사랑의 흔적
건전 가요",,,,,,,,,,,,,,,,,,
,Remember,https://i.namu.wiki/i/nu_GOFoKtpr06gDYNo3Njek1p5QoIyjSMiIQuNGe0F6H8MsM8R2UASeu_JXbSkGZs_YyGnLAj3QNWtrQy9bYUyhsAWOOsbTmXnFKX6T-tkb-Yd9Y7zW7bkeppHJbQ_SQyOK6GSCzLyCizrOMFvkSmQ.webp,국내/가요,1987,대한민국,,부활,"회상 1
화상 2
회상 3
2월 7일
이나라 주인 되어","천국에서
슬픈 사슴
Jill's theme",,,,,,,,,,,,,,,,,,
,사랑과 평화 1집 - 한동안 뜸 했었지,https://i.namu.wiki/i/aFLNg2Yo5vJeM1a1E11LcVSpovWPxiAmCUc03RSEE3mEivnrWwpgURnfK9G6BTwzFmk8ObUHQyzW0VbFIcrHcQMsSyBJ2kreCYvYzTuXyxpLxhXmoVtr84vezUdGFhsWRVNgXUm8C6UDDCeB3V0kaw.webp,국내/가요,1978,대한민국,,사랑과 평화,"한동안 뜸 했었지
노래여 퍼져라
어머님의 자장가
베에토벤의 운명
여왕벌의 행진
","저바람
달빛
뭉게구름
아베마리아",,,,,,,,,,,,,,,,,,
,산울림 1집 - 산울림 새노래 모음,https://i.namu.wiki/i/G8EVwhM-XO1LktDm2twJ_3IGmMxv3qvUdEUKXOg2OkziFn2weBbCnorVLNJ7A2mbNs-oyozf-dT1u9Up-aKacDT3_IyyWB5uLU-w2Do8nNp74upaynccDG8xhhkhBBIpGv19CVnT4zdl_FydlfU6JA.webp,국내/가요,1977,대한민국,,산울림,"아니 벌써
아마 늦은 여름이었을꺼야
골목길
안타까운 마음
그 얼굴 그 모습","불꽃놀이
문좀 열어줘
소녀
청자(아리랑)",,,,,,,,,,,,,,,,,,
,산울림 2집 - 내 마음에 주단을 깔고,https://i.namu.wiki/i/KSUHXosBvIWF_VYKwnTBLWcr0i72OVpGB03ioMI_aDhSOZG9ENRSa-S5KS_embYQx0ausBOZ9amBtzWEyTEBLlaKc_ngs7kb1gJZFMDSO5BFvLaH2RC4va0-aDuCzR17eRfPvXLdUE4ifMtn33vjRA.webp,국내/가요,1978,대한민국,,산울림,"내마음에 주단을 깔고
노래 불러요
안개 속에 핀꽃
둘이서
기대어 잠든 아이처럼","어느날 피었네
나 어떡해
이 기쁨
정말 그런것 같애
떠나는 우리 님",,,,,,,,,,,,,,,,,,
,산울림 3집 - 내 마음,https://i.namu.wiki/i/O9Bbn8IDmOnzhzW34Rm02iciMHdxL1XsCkgkzvO2P8jacgWf90Q1O29IY8cT6g3uQfSm5O0gro_LA0sfKGXGquLZu_bruB9MI802kSldDMk1NWTqztXy7QersOIOgKTgDph4_FAl554tT4kWKfOH2A.webp,국내/가요,1978,대한민국,,산울림,"내 마음(내 마음은 황무지)
아무말 안해도
한마리 새되어
아무도 없는 밤에",그대는 이미 나,,,,,,,,,,,,,,,,,,
,서태지와 아이들 2집,https://cafe24.poxo.com/ec01/jgyloveyou/skndmecfBseIhRozIFgux89wCm4JzwrWlXLo7BZrDCFvxwQDUD7+OeaV0wCabVLYtiYawloRT9Shqx62eUvv0g==/_/web/product/big/201604/615_shop1_868586.jpg,국내/가요,1993,,,서태지와 아이들,"Yo! Taiji
하여가
우리들만의 추억
죽음의 늪","너에게
수시아
마지막 축제
우리들만의 추억",,,,,,,,,,,,,,,,,,
,서태지와 아이들 1집,https://i.namu.wiki/i/rizekSyxRgnB0pl7D6XMD3nlISbcRW3LqpP8V8GdANIUMKofpvwjHmHP2GF7wUI2PnNbVOjtRSWbD-4s0MGp6gkRW68bem3fCuR9zdLDkry_986HS6-Fo5bKsuJn3ZJPTqHOlGXvPekLP0trQwwNJg.webp,국내/가요,1992,,,서태지와 아이들,"Yo! Taiji!
난 알아요
환상속의 그대
너와 함께한 시간 속에서
이밤이 깊어가지만","내 모든것
이제는
Blind Love
Rock' n Roll Dance
Missing",,,,,,,,,,,,,,,,,,
,서태지와 아이들 3집,https://i.namu.wiki/i/0Zz6K1LSYsaPSt_s3QzBOpniJ4cbUZ0i9pPekpZpVsJ6gsGtfBas5sS6YCwZ55w0oCF-EDm-v8ehEaqpvUOcQ5948aoG1KDsHrSGgwlPk2W3b_UH68sTOHHtm1c73UYGY1YlDt6sxYqBnRsOd50SFQ.webp,국내/가요,1994,,,서태지와 아이들,"Yo! Taiji
발해를 꿈꾸며
아이들의 눈으로
교실 이데아
내 맘이야","제킬박사와 하이드
영원
발해를 꿈꾸며(intrumental)
널 지우려 해",,,,,,,,,,,,,,,,,,
,송골매 2집,https://i.namu.wiki/i/lEsjQJNS9tfcIKEyW8ljiolcj1KpTUqZIrFwJszbbl8QQB6ynp0ER9mLRA9IQ9wShBS37m2-RP7V5SYKeXN_w7z-4ohC14resYh_wMXzkS1lj2TATVUvjgcQW1mBAZs7xOk0U0902MdpYM1XDHH3Zw.webp,국내/가요,1982,대한민국,,송골매,"어쩌다 마주친 그대
우리들
그대는 나는
다시 한번
세상만사","하다 못해 이 가슴을
모두 다 사랑하리
빨리 빨리
내 마음의 꽃
길지 않는 시간이었네
바람",,,,,,,,,,,,,,,,,,
,송창식 9집 - 사랑이야/토함산,https://i.namu.wiki/i/U62-JPZ4JcINGZX4TEmwAjXJPm6pZowlavfn5o_cxjJAiuBL7wNeJMUXc54RX3YHINM5j6twxa1yRSfOJSfvrzDMyB3MRwp1RHbu0VDiJc6f1XVqE8Xai7SJeVq-PLvI1Vt4rVTOyH_HcfVlGDedqw.webp,국내/가요,1978,대한민국,,송창식,"사랑이야
돌돌이와 석순이
20년전쯤에
토함산
병사의 향수","나의 키타이야기
별똥별
그사람
잊읍니다
그사람(경음악)",,,,,,,,,,,,,,,,,,
,시나위 1집 - Heavy Metal Sinawe,https://i.namu.wiki/i/wlWCs2-xSatUzS9HteYc-8Ugb2FdmGxTVjVNalu22ZBMNkqUc0qcKGUUpD02Ekl8V4mELB4XXZnqw7_xwhHb-SFX_kHN9uhd0BUaT4PE66TfPjmkKfKXLethxojlA-jhHL4A-NOaTCr4YtvLS31DiQ.webp,국내/가요,1986,대한민국,,시나위,"크게 라디오를 켜고
그대앞에 난 촛불이여라
남사당패
젊음의 록큰롤","잃어버린 환상
아틸란티스의 꿈
1월
하루해 마냥 떠가고",,,,,,,,,,,,,,,,,,
,시나위 4집 - Four,https://i.namu.wiki/i/gjAakCZSlnsY1L5fEJFHb7Vcs5UvtYB-BuBysXS8FhRb7DxMZ5WikDIPC3fzST8LiU3MYWz0OANDw-4VxFj54Qt2AyKXKDEXQwWYYXoIIZI0hQIumVEgoQWWcr0Bvv1R8NUbjJ9amSbkmH3ToEfrJg.webp,국내/가요,1990,,,시나위,"1990
Set My Fire
Farewell To Love
겨울비
In Your Brown Eyes","내마음속의 여행
Play That Wild Rock' n' Roll
Metalizer
Bolero
황무지",,,,,,,,,,,,,,,,,,
,시나위 2집 - Down and Up,https://i.namu.wiki/i/rYv7BoSTMkq7c1GIh45c440jmG5rFESqjr66eGG4x6PRu2giUg25tuB8YbFAg7mLea3M03CdBFIzQaOGyghL7qqYbljDD2hrjQGenBMe8XzDdSO5tvSn3tgMlOu27GzRqZY7W8Bma7gHtbx_0NCdWQ.webp,국내/가요,1986,대한민국,,시나위,"새가 되어 가리
해 저문 길에서
마음의 춤
진실한 모습
아! 대한민국","시나위
연착
들리는 노래
빈 하늘
밤 하늘엔 무엇이",,,,,,,,,,,,,,,,,,
,시인과 촌장 3집 - 숲,https://i.namu.wiki/i/b9wDsY1ZUU8dQj5xFEEigjTl4E8X-6QEsBPv8iA59ClesEDAqCUZZIFRhanCChr81sL_6z0-ZenySzeEJG-UvYIJxMrW5n4EXnv892str6kGRiu1X9Vo4aMZiG_5-hsIyuZrR1xTWHOg9k5xz784eA.webp,국내/가요,1988,대한민국,,시인과 촌장,"가시나무
새벽
새털구름
나무
새날","때
새 봄나라에서 살던 시원한 바람
좋은 나라
푸른 애벌레의 꿈
숲
",,,,,,,,,,,,,,,,,,
,시인과 촌장 3집 - 숲,https://i.namu.wiki/i/tsBnMDH3435Gd8vakom-fCw_kmJNnMyXSdKn_zUevoHQ-4bRY5yGrsQz4tkIfOtOFiqRwieea0f3jkzlzz_MMD31ca46yggvdT2QAaqtHWM80zGqlYRO5ABPS2mHjXGyx4ADyPfO9I15549HSelgnQ.webp,국내/가요,1986,대한민국,,시인과 촌장,"푸른 돛
비둘기에게
고양이
진달래
얼음 무지개","사랑일기
떠나가지마 비둘기
매
풍경
비둘기 안녕
고향의 봄
",,,,,,,,,,,,,,,,,,
,신승훈 1집 - 미소 속에 비친 그대,https://i.namu.wiki/i/o3pR5_sVOi0E1kiYP7pFBm7ZAT8ihGffZ5cnZnKMgqYlpY02kzwCus1m2yAGvUEoqMhbLLTLxX2xWUNm0e04kyKQyeSCgNPrpk8jQCTrcNc7zKj0g9Q2IGH7lL9hriY4Y3omHEn6_EZlRwEFokNuPw.webp,국내/가요,1990,대한민국,,신승훈,"미소 속에 비친 그대
두번째의 사랑
날 울리지마
오늘같이 이런 창밖이 좋아
그댈 사랑해","돌아봐줘
그대의 마음은
그리워라
그대여 안녕
미소 속에 비친 그대(경음악)",,,,,,,,,,,,,,,,,,
,신중현과 엽전들 1집,https://i.namu.wiki/i/RDBHi-Sf_gPY1XP0Ykqy9qFWM_UsryqvMolCbnA4ph5c3UfrmACHSupL07mGhpWKaGkyAlPTs5Q6B1poadckharWzs-zIO1PCmxZZIvWMkHPoRDN9l8Lm6WVUsFWS0OmMDKKrKrrpp6GVuEg3_0AJg.webp,국내/가요,1974,대한민국,,신중현과 엽전들,"미인
생각해
그 누가 있었나봐
긴긴밤
나는 너를 사랑해","저 여인
설레임
할말도 없지만
나는 몰라
떠오르는 태양",,,,,,,,,,,,,,,,,,
,신촌 블루스 1집 - 신촌 Blues,https://i.namu.wiki/i/sujwL05maCOxsXs5cgspfmOVnVx4mlIRMrXO4SWYJJhpso10m70Bga_oNKd1zEnR1pHyHkUZe93sxCzFTM_O0pggp6VHK7OjBPOzjSG8s4hXf3xsnXwYboMnFt5tvWaOHUvRmB1CGm1xM01trNIPIQ.webp,국내/가요,1988,대한민국,,신촌 블루스,"그대 없는 거리
오늘 같은 밤
나그네의 옛 이야기
한밤중에
Overnight Blues(경음악)","아쉬움
봄비
바닷가에 선들
바람인가",,,,,,2장,,,,,,,,,,,,
,신촌 블루스 2집 - 신촌 Blues 2,https://i.namu.wiki/i/G9XnSGOjF1S2IcuePIDsWRrVfq0BpDnnrJYK_FNnuR6WdqR94DUWbRVUqNGmCEMOjpCjXCeSCv1BjTWrGSVZf9ZwGiEKn-g1xyXYO2ZJUM_45Ok1tSuunk0hGntKcY7rKftpwL8vvi9U5DwW-Ox_lw.webp,국내/가요,1989,대한민국,A-3-1,신촌 블루스,"황혼
바람인가, 빗속에서
산위에 올라
환상
아무말도 없이 떠나요","골목길
또 하나의 내가 있다면
빗속에 서있는 여자
루씰",,,,,,,,,,,,,,,,,,
,넥스트 2집 - The Return of N.EX.T Part 1: The Being,,국내/가요,1994,대한민국,,넥스트,"The return of N.EX.T(instrument)
The destruction of the shell: 껍질의 파괴
이중 인격자
The dreamer","날아라 병아리
나는 남들과 다르다
Life Manufacturing(instrument): 생명생산
The Ocean: 불멸에 관하여",,,,,,,,,,,,,,,,,,
,신해철 2집 - Myself,https://i.namu.wiki/i/ixBd7nOYMuFpSQyrSutAWLQdUgBcG7y43u5tJDJoBu5canWwU6Wz3fkqVwYFDkKE9UNXYCR3QhUkpqY5bd5PjlkrSfJa3s3H60v-bWbfsBlKrs_ULxIiaNdpa0tG11khrFQrmAAgZLYQHusaDiHVZw.webp,국내/가요,1991,대한민국,,신해철,"The Greatest Beginnig
재즈 카페
나에게 쓰는 편지
다시 비가 내리네
그대에게","내 마음 깊은 곳의 너
아주 오랜 후에야
50년 후의 내 모습
길 위에서",,,,,,,,,,,,,,,,,,
,양희은 고운노래 모음,https://i.namu.wiki/i/VwopjFCuro99AtC-qbSS0tmhmrw4qiKOtqTI_ZMuUMoF3G8rZrheecNdmQi_zRkbzbuwNjkuQzUyYa80GBeR8_SABnfOzvuINlgQ8qpqy7cg39z7mLu9bdK3gu72KtS1scLoLgj4RuLGW7X08PHYew.jpg,국내/가요,1971,,,양희은,"아침이슬
엄마 엄마
세노야 세노야
그 날
사랑의 기쁨","Puff
일곱송이 수선화
잊지 못할 추억
Both Sides Now(구름 사랑 그리고 인생)
All My Trials Lord",,,,,,,,,,,,,,,,,,
,양희은 1991(양희은 20주년 기념 앨범),https://i.namu.wiki/i/xipOHTi-mDmlSbI02g77i779D7iDvZoKPvpu4I2zH1FHXipGMeLoJyLhJ7mCncT2gjbnyDRHBsGkkh3_wGuad2rh64nhSe63s0kF7uK_hhGBGm8ciW0dhNZXdkLUJHzDeT8AdP6adQbNJ-CxHA5KWQ.webp,국내/가요,1991,,,양희은,"그해 겨울
그리운 친구에게
가을 아침
저 바람은 어디서?","11월 그 저녁에
나무와 아이
사랑 그 쓸쓸함에 대하여
잠들기 바로 전",,,,,,,,,,,,,,,,,,
,언니네 이발관 1집 - 비둘기는 하늘의 쥐,https://i.namu.wiki/i/oEJiKC30Lxq9mxdn8JLzbxzwrTs8ymTwXEPHJUYZ-wmiipGCRNA3OcRaPworXCiKG5ByAfuUXeq-7yBfkFciPXlfIZelUXdqJ2Cb__pTRtqfvBXEL85sI90ugaJmP4d9sMkV26C_CIX8muGqbr_4iA.webp,국내/가요,1996,,,언니네 이발관,"푸훗
동경
보여줄순 없겠지","쥐는 너야
생일기분
우스운 오후","팬클럽
로랜드고릴라
상업그런지","미움의 제국
소년
산책끝추격전",,,,,,,,,,,,,,,,
,언니네 이발관 2집 - 후일담,https://i.namu.wiki/i/GVup5NjyDL5yt1rBHKtFVN3knzBXTHWp0ft3Oi34YV3zK8g8NRQu9nnhsTO6Au604XKU0FUEL_AlWZXCp681yXKsL5ewwaXlQQUro7FjNWRlSG-1zdGAaRT9mKxgRVMD37J6TdjjZU5g47VbhI1ldw.webp,국내/가요,2017,,,언니네 이발관,"유리
어제 만난 슈팅스타
실락원","꿈의 팝송
순수함이라곤 없는 정
다음 곡은 뭐죠?","어떤날
무명택시","인샬라
인생의 별
청승고백
너의 비밀의 화원",,,,,,,,,,,,,,,,
,어떤날 1집 - 1960.1965,https://i.namu.wiki/i/QhHpq7hWYUffYAqHWFzfPPwAPBerqgS3MJga7xKAu4U-9xARW3dL6FSvWbiiPQkzbJx0fgDBEb6yK-xFV0ITbNJf3rvm-R_WsqX1IEVUPieU74WwkBr_mSUiEQHlBZZnUAcyUum4Unl1NXviHfTszg.webp,국내/가요,1986,대한민국,,어떤날,"하늘
오래된 친구
그날
지금 그대는
오늘은","너무 아쉬워 하지마
겨울 하루
비오는 날이면
오후만 있던 일요일",,,,,,,,,,,,,,,,,,
,어떤날 2집 - 조동익.이병우,https://i.namu.wiki/i/nfdOmTzCYQ8weZOEwykCITbqloUiW4wSgzSXhiQ4SrrcbsGdRYYKPlOFsBWnL7G23RDxEoDPWHk2JZDV60s-idN3A0yy1ji8XW5d2hkOc8zZY_hk7Az9HFG11aEhhZPwDKcpMBJU792p65TfpyFL6Q.webp,국내/가요,2019,대한민국,,어떤날,"출발
초생달
하루
醉中獨白(취중독백)","덧없는 계절
소녀여
그런 날에는
11월 그 저녁에",,,,,,,,,,,,,,,,,,
,우리노래전시회 1집 - 8인 옴니버스,https://i.namu.wiki/i/lbObwk955oeK0ItMxwOoVw4I1T816lu0SYlD7oIZs3_PRGn5yIFBiVZEcQ3Sc9-753LJkjGYPoaGxosdaDvJ4Rz_jKoGT-JRxyOwTirMtQEaxSvd5cvrFFOdnVX8Fj3oOW29gqlY0DKph8JrlxRosA.webp,국내/가요,1985,대한민국,,"우리노래전시회(이광조, 전인권, 시인과 촌장, 어떤날, 강인원, 최성원, 박주연, 양병집)","오 그대는 아름다운 여인
그것만이 내세상
비둘기에게
너무 아쉬워 하지마","매일 그대와
제발
그댄 왠지 달라요
이세상 사랑이
손모아 마음모아",,,,,,,,,,,,,,,,,,
,유재하 1집 - 사랑하기 때문에,https://i.namu.wiki/i/_i2auh4oX9sthjOsxcPHFTUYhwU0ePH6mT5GLacvJeifSecX9FQZuNFBVIow6s400Lu_cJYFzVq21hy5FJUKmqwYhjK2YvNWZMS_Ufo4awA3VLdSQ-MbIPWH5HbKCq-ld8t6XjTg0NNRIjwOSXHbCg.webp,국내/가요,1987,대한민국,,유재하,"우리들의 사랑
그대 내 품에
텅빈 오늘 밤
내 마음에 비친 내 모습
Minuet(경음악)","가리워진 길
지난날
우울한 편지
사랑하기 때문에",,,,,,,,,,,,,,,,,,
,윤영배 정규 1집 - 위험한 세계,https://i.namu.wiki/i/rJnDUFOlG7-ZrU362nHIe64U32oaEXapT9PcoDXlPgEeSSdpdulnczF5kES4NNpiSGKn59LojpPelNfgCpViolILyHecRxHpVzjqxWB_A-w1BSD78Im4sCY6p-3ZTwWq6HPs-1PhqODYUVAnOqdusw.webp,국내/가요,2013,,,윤영배,"자본주의
선언
백년의 꿈
점거","위험한 세계
빈마을
목련
구속",,,,,,,,,,,,,,,,,,
,이문세 5집 - 가로수 그늘 아래서면,https://i.namu.wiki/i/m2q1PM4YAWlaoBH8GhBjMl6s5riHKF_RBVfn5Z5YTelcg-fR71mVZg70gG38TRisWYxv_HD4LcvKyA4PqaEJdw7q9h9pukGiIScdvph1kLc3xkMOL6E-6I58IInLjuJkT0l5cWqRbGewVBLUxSRR9A.webp,국내/가요,1988,대한민국,,이문세,"시를 위한 시
안개꽃 추억으로
광화문 연가
내 오랜 그녀
이밤에","가로수 그늘 아래서면
붉은 노을
기억의 초상
끝의 시작
사랑은 한줄기 햇살처럼
제작년월일",,,,,,,,,,,,,,,,,,
,이문세 4집 - 사랑이 지나가면/깊은밤을 날아서,https://i.namu.wiki/i/m2q1PM4YAWlaoBH8GhBjMl6s5riHKF_RBVfn5Z5YTelcg-fR71mVZg70gG38TRisWYxv_HD4LcvKyA4PqaEJdw7q9h9pukGiIScdvph1kLc3xkMOL6E-6I58IInLjuJkT0l5cWqRbGewVBLUxSRR9A.webp,국내/가요,1987,대한민국,,이문세,"사랑이 지나가면
밤에 머무는 곳에
이별이야기
그대 나를 보면
가을이 오면","깊은 밤을 날아서
슬픈미소
굿바이
그녀의 웃음소리뿐
어허야 둥기 둥기",,,,,,,,,,,,,,,,,,
,이상은 정규 6집 - 공무도하가,https://i.namu.wiki/i/vEP_5fyW89PKV02wmRj2JmHiTFkJ6YZ70GaLLi6T6aiKDZsq2epRpiAVW6dChWAoGxkH359_d9OO7LEHYg5yTGvqccFlHqLY9NSB0q9SrxPH_7t6bcTLrqjeccN_I9PNLqju0bAYVfctHC2oxdSoqg.webp,국내/가요,1995,,,이상은,"보헤미안
Don't Say That Was Yesterday
Summer Clouds","공무도하가
삼도천
22, 23, 24","Spring
Come, The Children Do
성에","새
September Rain Song
무엇으로 다시 태어나든
",,,,,,,,,,,,,,,,
,이승환 3집 - My Story,https://i.namu.wiki/i/RJXoMFcfuKh7oGCIKpq14qq1JpRKJDWJwpZKMARK3dczHiNjqHZ9UbTKBPBLprNRQQ-sRYAJQjZWAzGRzhqzlaJNQPYy37_cFil0fNk75Aq1ZgtrDWwga_7LAIESM1D8ebLMGKyI_RzgZIi5lHL5aw.webp,국내/가요,1993,대한민국,,이승환,"My Story
내게
잃어버린 건...나 Part3
남자는? 여자는?
너의 기억
무너져버린 믿음 앞에서","사랑에 관한 충고
Dunk Shot
Radio Heaven
화려하지 않은 고백
내 어머니",,,,,,,,,,,,,,,,,,
,이정선 7집 - 30대,https://i.namu.wiki/i/3NFdttR7Z7soTMYxICiwjBtGoy9BMM6RM8zLTi6ssZ_7wEyXlhiQ6otCIrbbSHkNBUrdowsXpz3-BePwOAixnW0wB_Yiz-FykkMddvNzi5iPKWlvvUqzSdoj6-dl9YgxCaGs1Ja-k4AeuG8hCUDNxw.webp,국내/가요,1985,대한민국,,이정선,"우연히
외로운 밤에 노래를
곁에 없어도 당신은
우울한 여인
행복한 아침","울지않는 소녀
그녀가 처음 울던 날
건널수 없는 강
바닷가에 선들
은이
시장에 가면",,,,,,,,,,,,,,,,,,
,이장희 - 그건 너!,https://i.namu.wiki/i/GCpUMclU70kltGUIBXQZ2Agff2TD9smpIcDBHHq0_mfAOdxm5qTLI9amZdxRRjGEqnUXpmMuiEdlNmD2upLJBZxnTPp8lSNWE2UWtP6BNtaV-3m3Ob9RpApucvQd6yt7YQ9UYg5mEF2HgHlZy6vYsA.webp,국내/가요,,대한민국,,이장희,"그건 너
촛불을 켜세요
그애와 나랑은
당신은 누군가요
친구여","누구일까
자정이 훨씬 넘었네
애인
비의 나그네",,,,,,,,,,,,,,,,,,
,장필순 5집 - 나의 외로움이 널 부를 때,https://i.namu.wiki/i/DhceMFKPyqn-J5PVgfCZS5GV7QnL9QcNLsHC9ZOVtnfs6Yk4UYE2dN5ELocRUdlmuq-vzUPHP9wsnE2VtGzjtN1JlxLMuW9O5AilayPBcZQYue1qZ7Dsa_i8KDTqg6bxhKnwEW3dVn_hLbegfeBNjQ.webp,국내/가요,1997,,,장필순,"첫사랑
나의 외로움이 널 부를 때
스파이더맨
TV, 돼지, 벌레
풍선
빨간 자전거 타는 우체부","그래!
그녀에 관한 짧은 얘기
넌 항상
사랑해봐도
이곳에 오면
집으로 돌아오는 길",,,,,,,,,,,,,,,,,,
,장필순 6집 - Soony 6(리마스터링),https://i.namu.wiki/i/rwq_KsvuQ7PW2chapNka3IwSbkjDeg82DBWpz5yM02VfBJUNkJqBxq9aASBLJyRbQmA11v3G90eQCNUTFMRgzXJIKgVLd_uKbRS5wcv8jlcpCYGO06HiLc0GJWVOtODYvdtse7nz3hjnsfsHz11pMg.webp,국내/가요,2021,대한민국,,장필순,"헬리콥터
고백
soony rock
10년이 된 지금
흔들리는 대로","동창
어떻게 그렇게 까맣게
모래 언덕
신기루
햇빛",,,,,,,,,,,,,,,,,,
,전인권.허성욱 - 1979-1987 추억 들국화,,국내/가요,,대한민국,A-4-1,"전인권, 허성욱, 최성원, 최구희, 주찬권","시작곡
북소리
사랑한 후에
머리에 꽃을
여자","이유
날이갈수록
어떤...(가을)
사노라면(연극 칠수와 만수 중에서)",,,,,,,,,,,,,,,,,,
,이소라 6집 - 눈썹달,,국내/가요,2020,,,이소라,"tears
Midnightblue
바람이 분다","이제 그만
별
듄
","쓸쓸
아로새기다
Fortuneteller","Siren(세이렌)
봄
시시콜콜한 이야기
",,,,,,,,,,,,,,,,
,정태춘.박은옥 - 북한강에서,https://i.namu.wiki/i/cQeZeXyKtluhosPhtme_VgASJGMtB0GLc4Yr5qmAw1aEn_ERlScK3U7yRVO5UMISUIFo9O7GReoCqRT1FNmKjTAPSDpyMkZKlsQJZdjmPYDw0aeIe3NDTmKx8Sw2R_NV9RP4ECLm-oLDXA9In-jrzg.webp,국내/가요,1985,대한민국,,"정태춘, 박은옥","북한강에서
사망부가
애고, 도솔천아
서해에서
여드레 팔십리","바람
봉숭아
서울의 달
장서방네 노을
들 가운데서
정화의 노래",,,,,,,,,,,,,,,,,,
,정태춘 - 시인의 마을,https://i.namu.wiki/i/VvZ_UPUeRaQCAVy5uS_nbmlbKQV1zrLT9Ensc2LCS2bSE3NKWBDmJZHKDhwdnypu3gtBtDrC9mChQ20HKbCO_Ajdqgd6B51PPzQst1HSU9nb5WNXxnZ2iBhrcIcOsfU85qD2Ou6-O8I9QqWe6rdkEA.webp,국내/가요,1978,대한민국,,정태춘,"시인의 마을
사랑하고 싶소
촛불
서해에서
그네","목포의 노래(여드레 팔십리)
아하! 날개여
겨울나무
사랑의 보슬비
산너머 두메",,,,,,,,,,,,,,,,,,
,조동진 1집 - 행복한 사람,https://i.namu.wiki/i/8VAjjl_xo-0RbgYUVD8jp4_kTp4g6WUykEAJnviVmu2M9WAfITfvZGM3bBhiuwBGG_ifPOPA_dwuMShFmJIrlbkh53PvNdr5bd3EVn_f8CDl7ZV-uU3psrn17hLqnXmIS0QMuRnoYjdpVgfgTWFtnQ.webp,국내/가요,1979,대한민국,,조동진,"행복한 사람
겨울비
긴긴다리 위에 저녁해 걸릴때면
바람부는 길
작은 배
나의 조국","불꽃
내가 좋아하는 너는 언제나
흰눈이 하얗게
저 멀리 저 높이
다시 부르는 노래",,,,,,,,,,,,,,,,,,
,조용필 7집 - 눈물로 보이는 그대,https://i.namu.wiki/i/xzm2kT8jSIxiL1Q-9gurKnl0Rzbqui2vMOJZQ1o6ae_3COmKWKDkZr13YYyyecqh2jTbcqDSC58gYWC_qUkJTWYh020w9w8ZI0AENZwWMmUcx7p_anJ2QF_DlT7ZpRS8CXDymfhayEc0SFY-YP2g6A.webp,국내/가요,1985,대한민국,,조용필,"눈물로 보이는 그대
어제, 오늘, 그리고
프리마 돈나
나의 노래
내가 어렸을 적엔
그대여","들꽃
사랑하기 때문에
미지의 세계
아시아의 불꽃
여행을 떠나요
진짜 사나이",,,,,,,,,,,,,,,,,,
,조용필 1집 - 趙容弼,https://i.namu.wiki/i/B23_vmXiB7INW_ykamFeitfLHY-MY3FdG4-9VL2PgzeQV-8XwfHq9bRTOqdt3Oqt6JzOBRksthyCUZSvZJATQTj_E_BOldlRwfBQnZtyPKrZ7dGPGxVhKDHew2uGJF2C-17PIzT4wzrQQ8KZAMZNgw.webp,국내/가요,1980,대한민국,,조용필,"창밖의 여자
돌아와요 부산항에
잊혀진 사랑
돌아오지 않는 강
정
사랑은 아직도 끝나지 않았네
","단발머리
한오백년
대전 블루스
너무 짧아요
슬픈 미소
너와 나",,,,,,,,,,,,,,,,,,
,마그마 - Magma,https://i.namu.wiki/i/h8YJ0SYizmepHhYz92vcpINMpCVFYsrk5Dt0Qap9J3IxUTzPQkqceCXyEUmZjNB18a-AHY6HpmMzenkKD1I_jKIIUKBDE3r-QjmPAXztrf02nVtdSfeUfecpglNEey4e-qT1xkOeM4UyEkpbxT_R0A.webp,국내/가요,1981,,,"마그마(조하문, 김광현, 문영식)","알수없어
이럴수가 있을까
아름다운 곳
기다리는 마음
우린 서로 사랑하니까","해야
잊혀진 사랑
그날
탈출(경음악)",,,,,,,,,,,,,,,,,,
,한대수 1집 - 멀고 먼 길,,국내/가요,1977,대한민국,,한대수,"물 좀 주소!
하룻밤
바람과 나
잘가세!","옥의 슬픔
행복의 나라
인상
사랑인지?",,,,,,,,,,,,,,,,,,
,한대수 3집 - 무한대,https://i.namu.wiki/i/AyKlj6ukahPpiJvnTwkaHXWK6FNLUw6ilLGDeg_7Z_Tng9mRaNSCqU4Pju-g_LQZwCIhpKZy1pqYabPGSdbHTsxS10NUs381Z5N_txrjXC97PYz9hYu543xjPSVpfzX2ZWM1dIgNklIWZfICPeYQhQ.webp,국내/가요,1989,대한민국,,한대수,"나혼자
하루아침
또 가야지
마지막 꿈
고무신","One Day
If You Want Me To
'Till That Day
Widow's Theme(과부타령)
Infinyty(무한대/instrumental)",,,,,,,,,,,,,,,,,,
,한영애 2집 - 바라본다,https://i.namu.wiki/i/gsr1Zo80ht_XYYhp_QTXSTlFq4_jU-ncywKk0kKD9sbdHmD7T1-nWDPccecnzHTuMEQLTpZ5frPPRPh2vgbtLnRnriDqp9ftRzFlq9DePvc1OVeTfyEifsn7awu4vQFq-L5XKXTcmQQA3VPj7SEkxQ.webp,국내/가요,1988,대한민국,,한영애,"누구없소?
호호호
비애
달
여인 #3
","코뿔소
갈증
루씰
바라본다",,,,,,,,,,,,,,,,,,
,듀스 2집 - DEUXISM(듀시즘),https://i.namu.wiki/i/gsr1Zo80ht_XYYhp_QTXSTlFq4_jU-ncywKk0kKD9sbdHmD7T1-nWDPccecnzHTuMEQLTpZ5frPPRPh2vgbtLnRnriDqp9ftRzFlq9DePvc1OVeTfyEifsn7awu4vQFq-L5XKXTcmQQA3VPj7SEkxQ.webp,국내/가요,1993,,,듀스,"Here we come!
그대 지금 다시
무제
빗속에서
Go! Go! Go!
힘들어","개성
그때
약한남자
또 하나의 슬픔
우리는
너만을 위한
Prelude-난...",,,,,,,,,,,,,,,,,,
,패닉 1집 - PANIC,https://i.namu.wiki/i/PinRKDyrVQeAsWYQvngWV00MBVRJ2N4FtQyYKRWS2u7sWXQFmmE8Lpt-xvs__-SnbRAJkN_ygsGNtPqEAPnGo3gFPNlsig8veRFGoZc_UII1V7C3jYMYYOJUcZHOHFix2NCAXLnJETFMQByV9mhAMw.webp,국내/가요,1995,대한민국,,패닉,"Intro : Panic Is Coming
아무도
너에게 독백
달팽이
다시 처음부터 다시","왼손잡이
더...
기다리다
안녕
Outro : 다시 처음부터 다시 (Saxy Reprise)",,,,,,,,,,,,,,,,,,
,패닉 2집 - 밑,https://i.namu.wiki/i/HaOcFS3KHx8egELCVCmps9Od8hbBjWEJBH9RbuiTdrPvgBeS2H8tgVFpLcj6xZT2ExVFnxWFmiPBo0E6AFq7-Z8Hm3oSBjItzqBnGt-QNdtb-JekkeOZR--2G6GujFAQGkf4x39T-GRKd99IPHyH0Q.webp,국내/가요,2021,대한민국,,패닉,"냄새
UFO
江
어릿광대(insert)
그 어릿광대의 세 아들들에 대하여","벌레
불면증
mama
사진(outro)",,,,,,,,,,,,,,,,,,
,패닉 3집 - Sea Within,https://i.namu.wiki/i/Hg_aDbwotyAcTjmB5MhUtUJ3vgqSt7sBQVB9u5k15i_dppmcgzvM8TeLTZJ5uaSf69sib3_mmzx4ILrWSydj71asqVMPuZr6QkiR00F1ZjWl8Zmt-8NxQgBpStX801Ezf6grPvaJmVnwYrfwwzFR8g.webp,국내/가요,2020,독일,,패닉,"Panicillin Shock(intro)
숨은그림찾기
내 낡은 서랍속의 바다
태엽장치 돌고래
뿔
희망의 마지막 조각","단도직입
오기
여행
Red Sea of Red Tea(instrumental)
미안해
내 낡은 서랍 속의 바다(edit)",,,,,,,,,,,,,,,,,,
,DJ.DOC 5집 - The Life... Doc Blues 5%,https://i.namu.wiki/i/JUWN4-XsD1grvLhSbl2wEw49mxw_mX1aj0G9qtVPfMOdm8LRRk291iVTR16tJLZ-zScnk-wJt0aADBWdSzigg3b5OM13SOvNmtRH66D2PiHyvcMUqQmVq9BYMmKfLzSlmd-eQxENN6cz-Bzcvl9HQg.webp,국내/가요,2000,캐나다,,DJ.DOC,"intro(와신상담)
비.愛 (Acoustic)
L.I.E (feat. 박D)
Nuclear Lunch The Detect
포조리","Boogi Night (feat. 뿜빠이)
Run to You
기다리고 있어 (feat. 앤썸)
아무도 모르게","사랑을 아직도 난 (feat. 미스터 타이푼, 후니훈, 조원선)
Someday
D.O.C Blues
부익부 빈익빈 (feat. 허인창)","알쏭달쏭 (feat. 미스터 타이푼, 후니훈)
Analog
Alive (feat. 45RPM, 뿜빠이)
비.愛 (Original)",,,,,,,,,,,,,,,,
,델리스파이스 1집 - deli sp!ce,https://i.namu.wiki/i/UlR2yg8v91U4PVtjWkqszsqV4_7oW4PpMocQnjB9YrOV0N0KjhrpcUBU12uiMxsL9eiAkmA1bUIrM76OeKthis4IiUDLiIK08nghBL0nXwo322lXOloB6D3IYbl3vJjdV82w7ACU2aEvExHfmnab9w.jpg,국내/가요,1997,중국,,델리스파이스,"노캐리어
가면
콘 후레이크
기쁨이 들리지 않는 거리
투명인간
저승 탐방기","귀향
차우차우-아무리 애를 쓰고 막아보려 해도 너의 목소리가 들려
누가?
오랜만의 외출
사수자리",,,,,,,,,,,,,,,,,,
,크라잉넛 25주년 베스트 앨범,https://i.namu.wiki/i/UlR2yg8v91U4PVtjWkqszsqV4_7oW4PpMocQnjB9YrOV0N0KjhrpcUBU12uiMxsL9eiAkmA1bUIrM76OeKthis4IiUDLiIK08nghBL0nXwo322lXOloB6D3IYbl3vJjdV82w7ACU2aEvExHfmnab9w.jpg,국내/가요,2020,대한민국,,크라잉넛,"서커스 매직 유랑단
말 달리자
룩셈부르크
명동콜링","마시자
개가 말하네
지독한 노래
비둘기","펑크걸
밤이 깊었네
갈매기
순이 우주로","뜨거운 안녕
양귀비
좋지아니한가
다죽자",,,,,,,,,,,,,,,,
,다섯손가락 1집,,국내/가요,1985,대한민국,,다섯손가락,"새벽 기차
오늘은 정말
좁은 골목
그대
작은 기쁨","수요일엔 빨간 장미를 - 4:32
슬픈 사랑 - 4:37
고독한 이에게 - 4:08
사라진 가을 - 4:38",,,,,,,,,,,,,,,,,,
,시나위 2집,,국내/가요,1986,대한민국,,시나위," 새가 되어가리 - 5:01
해 저문 길에서 - 6:55
 마음의 춤 - 3:37
진실한 모습 - 2:55","시나위 - 3:59
연착 (inst.) - 4:19
들리는 노래 - 5:06
빈 하늘 - 5:17
밤하늘엔 무엇이 - 3:31",,,김영동 작품집,,국내/가요,,대한민국,,김영동,"1章:매 굿-주술적으로
2章: 출어(出漁)–경쾌하게
3章:파도(波濤)–힘차게
4章:귀환(歸還–장엄하게
5章: 평화(平和)–홍겹게 月요
6章: 천둥–효과적으로
7章: 죽음-의미를 가지고
8章: 매 굿–장중하게","1章:降臨-제의적으로
2章:白衣-장단의 흐름을 따라
3章: 弘益-장엄하고 섬세하게",대한민국,,시나위,"새가 되어가리 - 5:01
해 저문 길에서 - 6:55
마음의 춤 - 3:37
진실한 모습 - 2:55","시나위 - 3:59
연착 (inst.) - 4:19
들리는 노래 - 5:06
빈 하늘 - 5:17
밤하늘엔 무엇이 - 3:31",,
,시인과 촌장 2집,,국내/가요,1986,대한민국,,시인과 촌장," 푸른 돛
비둘기에게
 고양이
진달래
얼음무지개","사랑일기
떠나가지마 비둘기
 매
풍경
 비둘기 안녕",,,김영동 슬기둥 노래집,,국내/가요,,대한민국,,김영동,"1. 누나의 얼굴
2. 개구리 소리
3. 애사당
4. 우리함께 친구되어
5. 누나의 얼굴(경음악)","1. 꽃분네야
2. 상주모심기
3. 어화둥둥 우리사랑
4. 숙대머리(전통민요)",대한민국,,시인과 촌장,"푸른 돛
비둘기에게
고양이
진달래
얼음무지개","사랑일기
떠나가지마 비둘기
매
풍경
비둘기 안녕",,
,브라운 아이즈 reason for breathing?,,국내/가요,2016,,,브라운 아이즈,"01 INTRO 01
02/ 전점 03:31
03 / 비오는 안구정 03 35
04/ 떠나지마 04134
05 / BROWNCITY 00 38
06 / ALU (IWANNA FALL INLOVE WITH YOU) 0437
07 / PIANO CAVATINA (2 OL 63
08 / TRUE LUV 04.57","09 FOR YOU (20KIR) 0450
10  환상 03.40
11 그래도 되겠니 03.1
12 INTERLUDE 02 01
13 MISS YOU 0340
14 오후
15 이별송",,,김영동 아마존,,국내/가요,,대한민국,,김영동,"1. 아마존
2. 인디오들의 성당
3. 삐삭 시장의 인디오
4. 우르밤바 계곡
5. 풍요의 강","1. 태양의 음악
2. 개화되는 원시림
3. 인디오의 십자가
4. 우르밤바 계곡 Ⅱ
5. 아마존",대한민국,,브라운 아이즈,"intro
점점
비오는 압구정
떠나지마
brown city
사랑(i wanna fall in love with you)
Piano cavatina(점점)
true ruv","for you(돌아가줘)
환상
그래도 되겠니
interlude
miss you
... 오후
이별송",,
,cry... our wanna be national,,국내/가요,,,,u & me blue,"지울 수 없는 너 (4:09)
그대 영혼에 (영화 '전태일' 삽입음악) (4:43)
어떻게 (4:23)","나의 다음 숨결보다 더 아름다운
너를 원하고 있어 (3:35)
천국보다 낯선 (4:28)
없어 (4:12)
그날1 (Original Version) (4:28)","세상 저편에 선 너 (5:34)
Moments (2:52)
La La La La Day (5:37)","U (5:31)
언제나 내 곁에 (3:39)
그날2 (Pseudo Live Version) (4:43)
지울 수 없는 너 (Beta Version)
Bonus Track (4:07)",한국 전통 음악,,국내/가요,1986,대한민국,,"김영배, 남기문, 방승완, 박은하, 최병삼","호남우도굿
설장구","읏다리풍물 
영남농약",대한민국,,유앤미블루,"지울 수 없는 너 (Original Version)
그대 영혼에
어떻게","나의 다음 숨결보다 더 아름다운 너를 원하고 있어
천국보다 낯선
없어
그날 1 (Original Version)","세상 저편에 선 너
Moments
La La La La Day","U
언제나 내 곁에
그날 2 (Pseudo Live Version)
지울 수 없는 너 (Beta Version)"
,허클베리핀 올랭피오의 별,,국내/가요,,대한민국,,허클베리핀,"1. Time 3:19
2. I Know 2:44
3. 물고기 3:05
4. 연 4:47
5. Hey Come 4:44
6. 불안한 영혼 5:51","7. K 3:53
8. 올랭피오의 별 4:38
9. 춤추는 고양이 3:49
10. 민요 4:03
11. 자폐 4:34",,,대수궁가 1집,,국내/가요,,대한민국,,"이용배, 강종철,언히진, 김일구, 박춘경, 박홍출, 이생강",,,대한민국,,허클베리핀,"1. Time 3:19
2. I Know 2:44
3. 물고기 3:05
4. 연 4:47
5. Hey Come 4:44
6. 불안한 영혼 5:51","7. K 3:53
8. 올랭피오의 별 4:38
9. 춤추는 고양이 3:49
10. 민요 4:03
11. 자폐 4:34",,
,3호선 버터플라이,,국내/가요,2022,,,,01 스 모 우 크 핫 커 피 리 필 (04:28) 02 꿈 속 으 로 (05:14) 03 Story Undone (04:11) 04 니 가 더 섹 시 해 괜 찮 아 (03:22),side B : 05 헤어지는 날 바로 오늘 (04:43) 06 쿠쿠루쿠쿠 비둘기 (06:10) 07 제주바람20110807 (04:16),08 J Says (04:36) 09 너 와 나 (04:07) 10 다 시 가 보 니 흔 적 도 없 네 (04:20) 11 끝 말 잇 기 (01:25),12 향 (05:04) 13 Hello (04:41) 14 헤 어 지 는 날 바 로 오 늘 〔 live] (05:31),대수궁가 2집,,국내/가요,,대한민국,,"이용배, 강종철,언히진, 김일구, 박춘경, 박홍출, 이생강",,,대한민국,,3호선 버터플라이,"01 스 모 우 크 핫 커 피 리 필 (04:28) 
02 꿈 속 으 로 (05:14) 
03 Story Undone (04:11) 
04 니 가 더 섹 시 해 괜 찮 아 (03:22)","05 헤 어 지 는 날 바 로 오 늘 
(04:43) 06 쿠 쿠 루 쿠 쿠 비 둘 기 
(06:10) 07 제 주 바 람 20110807 (04:16)","08 J Says (04:36) 
09 너 와 나 (04:07) 
10 다 시 가 보 니 흔 적 도 없 네 (04:20) 
11 끝 말 잇 기 (01:25)","12 향 (05:04) 
13 Hello (04:41) 
14 헤 어 지 는 날 바 로 오 늘 〔 live] (05:31)"
,김영동 작품집,,국내/가요,,대한민국,,김영동,"1章:매 굿-주술적으로
2章: 출어(出漁)–경쾌하게
3章:파도(波濤)–힘차게
4章:귀환(歸還–장엄하게
5章: 평화(平和)–홍겹게 月요
6章: 천둥–효과적으로
7章: 죽음-의미를 가지고
8章: 매 굿–장중하게","1章:降臨-제의적으로
2章:白衣-장단의 흐름을 따라
3章: 弘益-장엄하고 섬세하게",,,판소리 korea's epic vocal,,국내/가요,,미국,,김소희,"1. Scene from Heung Boo-Ga (p'ansori) (7:44)
2. Pyungjo Hoe Sang (first movement) (3:34)
3. Kayageum Sanjo (7:17)","1. Haegeum Shinawi (3:09)
2. Kuhmoongo Sanjo (6:21)
3. Chambu Taryong (2:13)
3. Kayageum Sanjo
4. Scene from Shim-Ch'ung-Ga (p'ansori) (9:27)",,,,,,,
,김영동의 명상음악,,국내/가요,1991,대한민국,,김영동,"1. 귀 소 (5 : 24)
2. 아침의 소리 (3 : 11)
3. 여 명 (수룡음) (8 : 00)","1. 산 행 (3 : 10)
2. 영 가 (7 : 00)
3. 영산회상불보살 (7 : 47)",,,김성수 창 흥보가,,국내/가요,,대한민국,,김성수,"1. 흥보 집터 잡는 대목(진양조)
2. 봄이 돌아와 제비가 날아 듦 (중중모리
3. ·제비가 강남으로 돌아감 (진양조)
4. 흥보와 제빈 작별 (중모리)
5. 제비 점고 (중중모리)
6. 제비 노정기 (중중모리)
7. 흥보 집 당도 (중중모리)
8. 박씨를 심음 자진모리","1. 가난 타령 (진양조)
2. 흥보 마누라를 달램 (중중모리)
3. 흥보 자식들을 불러들임 (자진모리
4. 박타는 대목 (진양조)
5. 박이 벌어짐 (휘모라)
6. 동자가 나옴 (차진모리)
7. 쌀과 돈이 쏟아짐 (휘모리)",,,,,,,
,김영동 대금연주집,,국내/가요,,대한민국,,김영동,"상영산
파문",대금산조,,,더리틀엔젤스,,국내/가요,,네덜란드,,더리틀엔젤스,"아리랑
도라지
짹짹 삐약 삐약
매들리
어메이징 그레이스","울산 아가씨
보리밭
나의 어머니
교회로 가는 시간
도미니크",,,,,,,
,먼길,,국내/가요,,대한민국,,김영동,"1. 방 황(4 : 44)
2. 멀리있는 빛(김영태 작사/8 : 36)
3. 하 나(3 : 47)","1. 먼 길 (3 : 00)
2. 사랑의 슬픔(3 : 57)
3. 이 별 (4 : 47)
4. 상 여(4 :00)
5. 시장에 가면(건전가요)",,,C.M.S.S 創樂會作品集,,국내/가요,1984,,,C.M.S.S,"LEE, SUNG-JAE
""LIAISON"" for 14 Instruments
1. Sostenuto
2. Libre
3. Allegretto giocoso
SUH, KYUNG-SUN
""PHENOMENON I""
for Two Pianos","YOON, HAI-JUNG
Sonata for Solo Violin
1. J=72
2 .= 60
PAIK, BYUNG-DONG
""SORI"" für Flöte,
Gitarre und Violoncello",,,,,,,
,김순남 가곡집,,국내/가요,1990,대한민국,,김순남,"1. 산 유 화 (김소월, 시) [2' 22]
2. 자 장 가 (박찬모, 시) [ 4' 10]
3. 초혼 (김소월, 시) [4' 07]
4. 잊었던 마음 (김소월, 시) [1' 44]
5. 양(오장환, 시) [3' 16]
6. 진 달 래 꽃 (김소월, 시) [2' 50]
7.탱자 (박노춘, 시) [3' 24]","8. 산 유 화 (김소월, 시) [2' 50]
9. 그를 꿈꾼 밤 (김소월, 시) [2' 40]
10. 상렬 (오장환, 시) [4' 10]
11. 자 장 가 Ⅰ (김순남, 시) [4' 16]
12. 바다 (김소월, 시) [4' 09]
13. 자 장 가 Ⅱ (김순남, 시) [1' 56]
14. 철 공 소 (김북원, 시) [2' 15]",,,C.M.S.S 創樂會作品集,,국내/가요,1980,,,C.M.S.S,"LEE, SÙNG-JAE
Thematisch Zwölftöne und
vier Stücke für Klavier
I. MaBig
I. Shr Langsam
III. Humoresk
N. Sehr Ruig
YOON, YANG-SEOK
TRIO"" fur Oboe,
Klarinette und Klavier
I. Andante con moto
II. Allegro moderato
IIl. Allegro agitato
LEE, SANG-KEUN
PROJECTION"" No. 1
for Pianoforte","PAIK, EUI-HYUN
""PREDICTION"" for Violin,
Clarinet, Viola and Cello
I. J=42,76
II. J=126,88
KIM, CHUNG-GIL
""CHUCHO-MUN'
for 8 Performers",,,,,,,
,김영동 국악작곡집,,국내/가요,,대한민국,,김영동,"개구리소리
누나의 얼굴
시나위","애사랑
자장가
상여길",,,신세계,,국내/가요,1989,대한민국,,신세계,"기다리는 마음
그리운 금강산
님이 오시는지
선구자
수선화
비목","사랑
목련화
동심초
그집앞
가고파
바위고개",,,,,,,
,梅心曲,,국내/가요,,대한민국,,梅心曲,,,,,신세계,,국내/가요,1989,대한민국,,신세계,"기다리는 마음
그리운 금강산
님이 오시는지
선구자
수선화
비목","사랑
목련화
동심초
그집앞
가고파
바위고개",,,,,,,
,下手의 소리,,국내/가요,,대한민국,,"통도사, 봉선사","1. 도량석
2. 종 성","1. 사물 (법고, 목어, 운판, 범종)
2. 오분향례
3. 발원문
4. 반야심경",,,김연준 a sequence of 12 elegies(vol.7),,국내/클래식,1976,,,김연준,,,,,,,,,
,김영동 the buddhist meditation music of korea,,국내/가요,,대한민국,,김영동,"법고 The Drum of the Law
목어 The Wooden Fish
운판 The Temple Gong
범종 The Temple Bell","예불문 The Prayer of Worship
발원문 The Prayer of Wishes
반야심경 The Prajnaparamita Sutra",, , ,,,,,,,,,,,,,,,
,"천수, 반야심경",,국내/가요,,대한민국,,,"삼귀의례
천수심경
반야심경","장엄염불
무상계
벙성계",,,,,,,,,,,,,,,,,,
,김영동 작품집,,국내/가요,,대한민국,,김영동,"1章:매 굿-주술적으로
2章: 출어(出漁)–경쾌하게
3章:파도(波濤)–힘차게
4章:귀환(歸還–장엄하게
5章: 평화(平和)–홍겹게 月요
6章: 천둥–효과적으로
7章: 죽음-의미를 가지고
8章: 매 굿–장중하게","1章:降臨-제의적으로
2章:白衣-장단의 흐름을 따라
3章: 弘益-장엄하고 섬세하게",,,,,,,,,,,,,,,,,,
,김영동 슬기둥 노래집,,국내/가요,,대한민국,,김영동,"1. 누나의 얼굴
2. 개구리 소리
3. 애사당
4. 우리함께 친구되어
5. 누나의 얼굴(경음악)","1. 꽃분네야
2. 상주모심기
3. 어화둥둥 우리사랑
4. 숙대머리(전통민요)",,,,,,,,,,,,,,,,,,
,김영동 아마존,,국내/가요,,대한민국,,김영동,"1. 아마존
2. 인디오들의 성당
3. 삐삭 시장의 인디오
4. 우르밤바 계곡
5. 풍요의 강","1. 태양의 음악
2. 개화되는 원시림
3. 인디오의 십자가
4. 우르밤바 계곡 Ⅱ
5. 아마존",,,,,,,,,,,,,,,,,,
,한국 전통 음악,,국내/가요,1986,대한민국,,"김영배, 남기문, 방승완, 박은하, 최병삼","호남우도굿
설장구","읏다리풍물 
영남농약",,,,,,,,,,,,,,,,,,
,대수궁가 1집,,국내/가요,,대한민국,,"이용배, 강종철,언히진, 김일구, 박춘경, 박홍출, 이생강",,,,,,,,,,,,,,,,,,,,
,대수궁가 2집,,국내/가요,,대한민국,,"이용배, 강종철,언히진, 김일구, 박춘경, 박홍출, 이생강",,,,,,,,,,,,,,,,,,,,
,판소리 korea's epic vocal,,국내/가요,,미국,,김소희,"1. Scene from Heung Boo-Ga (p'ansori) (7:44)
2. Pyungjo Hoe Sang (first movement) (3:34)
3. Kayageum Sanjo (7:17)","1. Haegeum Shinawi (3:09)
2. Kuhmoongo Sanjo (6:21)
3. Chambu Taryong (2:13)
3. Kayageum Sanjo
4. Scene from Shim-Ch'ung-Ga (p'ansori) (9:27)",,,,,,,,,,,,,,,,,,
,김성수 창 흥보가,,국내/가요,,대한민국,,김성수,"1. 흥보 집터 잡는 대목(진양조)
2. 봄이 돌아와 제비가 날아 듦 (중중모리
3. ·제비가 강남으로 돌아감 (진양조)
4. 흥보와 제빈 작별 (중모리)
5. 제비 점고 (중중모리)
6. 제비 노정기 (중중모리)
7. 흥보 집 당도 (중중모리)
8. 박씨를 심음 자진모리","1. 가난 타령 (진양조)
2. 흥보 마누라를 달램 (중중모리)
3. 흥보 자식들을 불러들임 (자진모리
4. 박타는 대목 (진양조)
5. 박이 벌어짐 (휘모라)
6. 동자가 나옴 (차진모리)
7. 쌀과 돈이 쏟아짐 (휘모리)",,,,,,,,,,,,,,,,,,
,더리틀엔젤스,,국내/가요,,네덜란드,,더리틀엔젤스,"아리랑
도라지
짹짹 삐약 삐약
매들리
어메이징 그레이스","울산 아가씨
보리밭
나의 어머니
교회로 가는 시간
도미니크",,,,,,,,,,,,,,,,,,
,C.M.S.S 創樂會作品集,,국내/가요,1984,,,C.M.S.S,"LEE, SUNG-JAE
""LIAISON"" for 14 Instruments
1. Sostenuto
2. Libre
3. Allegretto giocoso
SUH, KYUNG-SUN
""PHENOMENON I""
for Two Pianos","YOON, HAI-JUNG
Sonata for Solo Violin
1. J=72
2 .= 60
PAIK, BYUNG-DONG
""SORI"" für Flöte,
Gitarre und Violoncello",,,,,,,,,,,,,,,,,,
,C.M.S.S 創樂會作品集,,국내/가요,1980,,,C.M.S.S,"LEE, SÙNG-JAE
Thematisch Zwölftöne und
vier Stücke für Klavier
I. MaBig
I. Shr Langsam
III. Humoresk
N. Sehr Ruig
YOON, YANG-SEOK
TRIO"" fur Oboe,
Klarinette und Klavier
I. Andante con moto
II. Allegro moderato
IIl. Allegro agitato
LEE, SANG-KEUN
PROJECTION"" No. 1
for Pianoforte","PAIK, EUI-HYUN
""PREDICTION"" for Violin,
Clarinet, Viola and Cello
I. J=42,76
II. J=126,88
KIM, CHUNG-GIL
""CHUCHO-MUN'
for 8 Performers",,,,,,,,,,,,,,,,,,
,신세계,,국내/가요,1989,대한민국,,신세계,"기다리는 마음
그리운 금강산
님이 오시는지
선구자
수선화
비목","사랑
목련화
동심초
그집앞
가고파
바위고개",,,,,,,,,,,,,,,,,,
,신세계,,국내/가요,1989,대한민국,,신세계,"기다리는 마음
그리운 금강산
님이 오시는지
선구자
수선화
비목","사랑
목련화
동심초
그집앞
가고파
바위고개",,,,,,,,,,,,,,,,,,
,김연준 a sequence of 12 elegies(vol.7),,국내/클래식,1976,,,김연준,,,,,,,,,,,,,,,,,,,,
,한밤의 멜로디vol.1,,국내/클래식,1987,대한민국,,,"불시(4 : 11)
사랑의 미로(3 :59)
한사람 (3 : 25)
내님의 사랑은(4 : 14)
옛시인의 노래 (3 : 46)
잊으리(3 : 47)
사 랑(2 :59)","편 지(3 : 33)
바닷가의 추억(4 : 35)
해변의 여인(3 : 35)
사랑해 (3 : 36)
투개의 작은별(3 : 06)
꽃반지끼고(2 : 55)
나같은 죄인 살리신(4 : 16)",,,,,,,,,,,,,,,,,,
,황병기 가야금 작품집,,국내/가요,,대한민국,,황병기,"숲
봄
석류집","가을
가라도
침향무",,,,,,,,,,,,,,,,,,
,변병철 애창곡집,,국내/가요,,대한민국,,변병철,"나는 거리의 제일가는 이발사
금지된 노래
프로벤짜 내 고향으로
신의 영광
여호와는 나의 목자시니
언덕에서","낙엽
청산에 살리라
그리운 마음
참대밭
추억
명태
쥐",,,,,,,,,,,,,,,,,,
,매혹의 목소리 vol.2,,국내/가요,,대한민국,,백남옥,"꿈
사랑의 기쁨
오 그리운 내 사랑
그리움 아는 이만 가네
세레나데
음악에","빠알간 석류
또 한송이의 나의 모란
그네
돌아오지 않는 마음
그리운 옛봄
비목",,,,,,,,,,,,,,,,,,
,"KIMERA and THE OPERAIDERS with
THE LONDON SYMPHONY ORCHESTRA",,수입/클래식,1985,,,"KIMERA and THE OPERAIDERS with
THE LONDON SYMPHONY ORCHESTRA",,,,,,,,,,,,,,,,,,,,
,5 특선 한국가곡,,국내/가요,,대한민국,,,"1.사 랑
(이은상 작사/홍난파 작곡/형진미 노래)
, 그대 있음에
(김남조 작사/김순애 작곡/김학남 노래)
으타소 수사/
3. 동무 생각
(이은상 작사/박태준 작곡/임정근 노래)
4. 산
(허윤석 작사/조두남 작곡/배행숙 노래)
5. 고향 그리워
(만 향 작사/이흥렬 작곡/박인수 노래)

6.

진달래꽃
(김소월 작사/김동진 작곡/김신자 노래)
7
금강에 살을리랏다
(이은상 작사/홍난파 작곡/이영구 노래)
8. 한 강
(정공채 작사/변 훈 작곡/김성길 노래)","1. 청산에 살리라
(김연준 작사/김연준 작곡/박인수 노래)
2.추 억
(조병화 작사/김성태 작곡/백남옥 노래)
3. 야상곡
(정원섭 작사/김봉천 작곡/박찬동 노래)

4.
봄처녀
(이은상 작사/홍난파 작곡/김성길 노래)
5. 코스모스를 노래함
(이기순 작사/이흥렬 작곡/곽신형 노래)
. 산 길
(양주동 작사/박태준 작곡/윤치호 노래)
. 강이 풀리면
(김동환 작사/오동일 작곡/김진수 노래)
8. 국화 옆에서
(서정주 작사/이호섭 작곡/김태현 노래)",,,,,,,,,,,,,,,,,,
,최영섭 가곡선집,,국내/가요,1986,대한민국,,최영섭,"1. 그라운 금강산

.. 5' 25""
(한상억 작시 · Soprano 송광선/8608-5542)

(김영랑 시 · Soprano 김영자/ 8612-9967)

2. 그리워라 두고 온 그 사람들 ··

.· 4' 55""
(한상억 작시 · Soprano 정은숙/8610-7958)

(조병화 시 · Soprano 송광선/8611-9494)

3. 망 향…

4' 32

3. 사랑의 날개·

(고운산 작시 · Tenor 김화용/8610-8107)

(조병화 시 · Soprano 송광선/8610-7924)

4. 고요한 아침의 나라

5' 37""

4. 길

(한상억 작시 · Tenor 신영조/8612-9965)
5. 남산에 올라

….. 4' 24""
(한상억 작시 · Mezzo Soprano 강화자/8611-9459)

(조지훈 시 · Soprano 김영자/8611-9469)

6. 낙동강 구비친 곳

..... 4' 20""
(한상억 작시 · Baritone 김성길/ 8612-9966)","1. 모란이 피기까지는

· 6' 15""

(한상억 작시 · Soprano 송광선/8608-5542)

(김영랑 시 · Soprano 김영자/ 8612-9967)
2. 추 억 .…….

-4' 02

(한상억 작시 · Soprano 정은숙/8610-7958)

(조병화 시 · Soprano 송광선/8611-9494)
3. 사랑의 날개·

(고운산 작시 · Tenor 김화용/8610-8107)

(조병화 시 · Soprano 송광선/8610-7924)
4. 길

(한상억 작시 · Tenor 신영조/8612-9965)

(조병화 시 · Tenor 김진원/8611-9485)
·4' 04

5. 마 을 ·

.. 3'45""

(한상억 작시 · Mezzo Soprano 강화자/8611-9459)

(조지훈 시 · Soprano 김영자/8611-9469)
6. 외줄기 산길·

1' 47

(한상억 작시 · Baritone 김성길/ 8612-9966)

(고운산 시 · Tenor 신영조/8612-9964)
7. 그라운 옛봄

.. 3' 47""
(고운산 작시 · Mezzo Soprano 백남옥/8611-9463)",,,,,,,,,,,,,,,,,,
,조수미 향수,,국내/클래식,,대한민국,,조수미,"고향
꽃 구름 속에
아리아리랑
첫 치마
수선화","그리운 금강산
울산 아가씨
봉숭아
강 건너 봄이 오듯
청산에 살리라",,,,,,,,,,,,,,,,,,
,"MOZART

Piano Works 1
KUN-WOO PAIK",,국내/클래식,2024,,,백건우,"1 Fantasia in D minor, K. 397
2
Rondo in D major, K. 485","Piano Sonata No. 12 in F major, K. 332
] I. Allegro
2 Il. Adagio
3 IIl. Allegro assai","Adagio in B minor, K. 540
Gigue in G major, K. 574","Piano Sonata No. 16 in C major, K. 545 ""Sonata facile""
1 l. Allegro
2 |l. Andante
III. Rondo. Allegretto
Prelude & Fugue in C major, K. 394
A. Prelude
5|| Fugue",,,,,,,,,,,,,,,,
,백건우,,국내/클래식,,,,,,,,,,,,,,,,,,,,,,,,
,"KIMERA and THE OPERAIDERS with
THE LONDON SYMPHONY ORCHESTRA",,국내/클래식,2023,,,임동혁,"Variations brillantes in B flat major on
'Je vends des scapulaires' from Hérold's Ludovic, Op. 12
Introduction: Allegro maestoso
I Thème: Allegro moderato
III Scherzo -
IV Lento -
V Scherzo vivace","24 Preludes, Op. 28
No. 1 in C major: Agitato
No. 2 in A minor: Lento
No. 3 in G major: Vivace
No. 4 in E minor: Largo
No. 5 in D major: Allegro molto
No. 6 in B minor: Lento assai
No. 7 in A major: Andantino
No. 8 in F-sharp minor: Molto agitato
No. 9 in E major: Largo
No. 10 in C-sharp minor: Allegro molto
No. 11 in B major: Vivace
No. 12 in G-sharp minor: Presto
No. 13 in F-sharp major: Lento
No. 14 in E-flat minor: Allegro","No. 15 in D-flat major: Sostenuto
No. 16 in B-flat minor: Presto con fuoco
No. 17 in A-flat major: Allegretto
No. 18 in F minor: Allegro molto
No. 19 in E-flat major: Vivace
No. 20 in C minor: Largo
No. 21 in B-flat major: Cantabile
No. 22 in G minor: Molto agitato
No. 23 in F major: Moderato
No. 24 in D minor: Allegro appassionato","Berceuse in D-flat major, Op. 57
Barcarolle in F-sharp major, Op. 60",,,,,,,,,,,,,,,,
,"THE ROAD OF CLASSICS
BYEONG-MIN GIL",,국내/클래식,2023,대한민국,,길병민,"WEBER | Schweig, damit dich niemand warnt
베버 | 아무도 너에게 경고하지 않도록 조용히 하라
2 ROSSINI | La calunnia è un venticello
로시니 | 소문은 산들바람처럼
3 BIZET | Quand la flamme de l'amour
비제 | 사랑의 불꽃이 타오를 때
4 BIZET | Votre toast, je peux vous le rendre (The Toreador Song)
비제 | 여러분의 건배에 삼가 잔을 돌려 드리겠소(투우사의 노래)
5 RACHMANINOFF | Aleko's Cavatina
라흐마니노프 | 알레코의 카바티나","1 BIXIO | Parlami d'amore Mariù
빅시오 | 사랑한다 말해주오, 마리우
[2 LARA | Granada
라라 | 그라나다
3 TOSTI | Non t'amo più
토스티 | 더 이상 사랑하지 않으리
4 SCHUBERT | Erlkönig D.328
슈베르트 | 마왕
5 OSHIMA | Kazabue
오시마 | 바람이 머무는 날",,,,,,,,,,,,,,,,,,
,"Yunchan Lim
Live from the Cliburn
Liszt: Transcendental Etudes",,국내/클래식,2023,독일,,임윤찬,"1.
1. Preludio 0:59
2.
Il. Molto vivace 2:24
3. III. Paysage 5:13
4.
IV. Mazeppa 7:36","1. V. Feux follets 3:28
2. VI. Vision 5:25
3. VII. Eroica 4:40
4. VIII. Wilde Jagd 4:46","1. IX. Ricordanza 11:24
2,
X. Allegro agitato molto 4:17","1. XI. Harmonies du Soir 9:08
2. XII. Chasse-neige 5:26",,,,,,,,,,,,,,,,
,"Yunchan
Lim
Chopin
Etudes",,국내/클래식,2024,,,임윤찬,"Études Op.10
No.1 in C
No.2 in A minor
No.3 in E
No.4 in C sharp minor
No.5 in G flat
No.6 in E flat minor
No.7 in C
No.8 in F
No.9 in F minor
No.10 in A flat
No.11 in E flat
No.12 in C minor","Études Op.25
No.1 in A flat
No.2 in F minor
No.3 in F
No.4 in A minor
No.5 in E minor
No.6 in G sharp minor
No.7 in C sharp minor
No.8 in D flat
No.9 in G flat
No.10 in B minor
No.11 in A minor
No.12 in C minor",,,,,,,,,,,,,,,,,,
,"YUNCHAN LIM
GWANGJU SYMPHONY ORCHESTRA
SEOKWON HONG",,국내/클래식,2023,독일,,임윤찬,"LUDWIG VAN BEETHOVEN 1770-1827
Concerto for Piano and Orchestra
No. 5 in E flat major ""Emperor"" op. 73
A1|. Allegr
B 1 ||. Adagio un poco moto - attacca
B 2 |||. Rondo. Allegro","ISANG YUN 1917-1995
A1 Exemplum
in memoriam Kwangju (1981)
SAMUEL BARBER 1910-1981
B 1 Adagio for Strings
Encore
FEDERICO MOMPOU 1893-1987
B 2 Jeunes filles au jardin
No. 5 from Scènes d'enfants
Calme
ALEXANDER SCRIABIN 1872-1915
B 3 Poème op. 69/1
Allegretto
B4
Feuillet d'album op. 45/
Andante piacevole",,,,,,,,,,,,,,,,,,
,"Han-Na Chang
Philharmonia Orchestra
Leonard Slatkin",,국내/클래식,2023,독일,,장한나,"GABRIEL FAURÉ 1848-1924

Après un reve . Sicilienne

ALEXANDER GLAZUNOV 1865-1936

Chant du ménestrel
SERGEI RACHMANINOV 1873-1943
Vocalise

PYOTR ILYICH TCHAIKOVSKY 1840-1893

Nocturnes","CAMILLE SAINT-SAENS |835-1921

Le Cygne*

ANTONIN DVORAK 1841-1904

YUN JOON KIM 1916-2008 . ROXANNA PANUFNIK 1968-
Korean Elegy

HAN-NA CHANG, 2000

MAX BRUCH 1838-1920
Ave Maria",,,,,,,,,,,,,,,,,,
,"SEONG-JIN CHO // YANNICK NÉZET-SÉGUIN
Chamber Orchestra of Europe
MOZART",,국내/클래식,2018,EU,,조성진,"PIANO CONCERTO NO. 20 IN D MINOR K 466
d-Moll
1I. Allegro (Cadenza by Beethoven, WoO 58,1)","2. Romance

8:59

2 3. Allegro assai (Cadenza by Beethoven, WoO 58,2)

7:50

Chamber Orchestra of Europe
YANNICK NÉZET-SÉGUIN","PIANO SONATA NO. 12 IN F MAJOR K 332 (300k)
F-Dur
I. Allegro

7:02

2 2. Adagio

5:05

B 3. Allegro assai","PIANO SONATA NO. 3 IN B FLAT MAJOR K 281 (189f)
B-Dur
1 1. Allegro

4:27

2 2. Andante amoroso

4:45

3 3. Rondo. Allegro

4:31

4 FANTASIA IN D MINOR K 397 (385g)

5:36

d-Moll",,,,,,,,,,,,,,,,
,"Chopin: Piano Concerto No. 2 · Scherzi

SEONG-JIN CHO

London Symphony Orchestra · Gianandrea Noseda",,국내/클래식,2021,EU,,조성진,"Scherzo No. 1 in B minor op. 20 |h-Moll: Presto con fuoco

8:53

Scherzo No. 2 in B flat minor op. 31 | b-Moll: Presto","Scherzo No. 3 in C sharp minor op. 39 | cis-Moll: Presto con fuoco 7:20
Scherzo No. 4 in E major op. 54 | E-Dur: Presto",1. Maestoso,"2. Larghetto

8:50

3. Allegro vivace",,,,,,,,,,,,,,,,
,"SEONG-JIN CHO

THE HANDEL PROJECT

Handel: 3 Suites . Brahms: Handel Variations",,국내/클래식,2023,EU,,조성진,"1-[4 Suite No. 2 in F major
HWV 427
5-9 Suite No. 8 in F minor","GEORGE FRIDERIC HANDEL
1-4 Suite No. 5 in E major
HWV 430

5

Sarabande in B flat major
HWV 440/3

6

Minuet in G minor
arr. Wilhelm Kempff","JOHANNES BRAHMS (1833-1897)
1-19 Handel Variations
in B flat major op. 24
Aria - Variation XVIII","JOHANNES BRAHMS
1-8 Handel Variations
in B flat major op. 24
Variation XIX - Fuga",,,,,,,,,,,,,,,,
,"SEONG - JIN CHO

THE WANDERER

SCHUBERT . BERG . LISZT",,국내/클래식,2020,EU,,조성진,"FRANZ SCHUBERT (1797-1828)

""Wanderer"" Fantasy in C major D 760
»Wandererfantasie« C-Dur

Allegro con fuoco ma non troppo
F Adagio-
a Presto-
B Allegro","ALBAN BERG (1885-1935)
Piano Sonata op. 1

11:38

Mäßig bewegt","FRANZ LISZT (1811-1886)

Piano Sonata in B minor S 178
Klaviersonate h-Moll",,,,,,,,,,,,,,,,,
,"Chopin: Piano Concerto No. 1 · Ballades

SEONG-JIN CHO

London Symphony Orchestra . Gianandrea Noseda",,국내/클래식,2017,EU,,조성진,"Concerto for Piano and Orchestra
No.1 in E minor op. 11
e-Moll · en mi mineur
L. Allegro maestoso","2. Romance. Larghetto

10:35

3. Rondo. Vivace","Ballade No. 1 in G minor op. 23
g-Moll · en sol mineur
Largo - Moderato
Ballade No. 2 in F major op. 38
F-Dur · en fa majeur
Andantino","Ballade No.3 in A flat major op. 47
As-Dur · en la bémol majeur
Allegretto
Ballade No. 4 in F minor op. 52
f-Moll · en fa mineur

Andantino

Andante con moto",,,,,,,,,,,,,,,,
,"Matthias Goerne · Seong-Jin Cho
IM ABENDROT

AT SUNSET
WAGNER · PFITZNER · STRAUSS",,국내/클래식,2021,EU,,조성진,"1. Der Engel

2:4

2. Stehe still!
3 3. Im Treibhaus
4. Schmerzen
5. Träume","Sehnsucht op. 10/
Detlev von Liliencron
2 Wasserfahrt op. 6/6
Heinrich Heine

Joseph von Eichendorff

Ø Es glänzt so schön die sinkende Sonne op. 4/1

2:56

Heinrich Heine

Matthias Goerne baritone

4 Ist der Himmel darum im Lenz so blau op. 2/2
Richard Leander (= Richard von Volkmann)","An die Mark op. 15/3
Ilse von Stach

world of shadows, sensibility, quietude, sweet sorrow - never more

Abendrot op. 24/4
Friedrich Lienhard

erworldly"" (Opera Today reviewing the artists' 2018 Wig-

3 Nachts op. 26/2
Joseph von Eichendorff
4 Stimme der Sehnsucht op. 19/1
Carl Busse","RICHARD STRAUSS (1864-1949)
1 Traum durch die Dämmerung op. 29/1
Otto Julius Bierbaum
2 Morgen! op. 27/4
John Henry Mackay
3 Ruhe, meine Seele! ep. 27/1
Karl Friedrich Henckell

HANS PFITZNER (1869-1949)

4 Freundliche Vision op. 48/1
Otto Julius Bierbaum

Detlev von Liliencron

5 Im Abendrot
No. 4 from Vier letzte Lieder . Four Last Songs
Joseph von Eichendorff",,,,,,,,,,,,,,,,
,"KYUNG-WHA CHUNG
London Symphony Orchestra
ANDRE PREVIN",,국내/클래식,,,,정경화,"SIBELIUS: VIOLIN CONCERTO in D minor, OP. 47

SXL-6493

1. Allegro moderato
2. Adagio di molto
3. Allegro, ma non tanto","TCHAIKOVSKY: VIOLIN CONCERTO in D major, OP. 35
1. Allegro moderato
2. Canzonetta (Andante)
3. FINALE: Allegro vivacissimo",,,,,,,,,,,,,,,,,,
,"Kyung-Wha Chung

Saint-Saëns
Violin Concerto No.3",,국내/클래식,1977,,,정경화,"サン·サーンス:

SAINT-SAENS:

ヴァイオリン協奏曲 第3番
口短調,
作品61
VIOLIN CONCERTO No.3 IN B MINOR, Op.61","ヴュータン:

VIEUXTEMPS

ヴァイオリン協奏曲 第5番
イ短調.
作品37
VIOLIN CONCERTO No.5 IN A MINOR,Op.37
(19:15)
キョンファ·チョン(ヴァイオリン)
(鄭 京和〕KYUNG-WHA CHUNG(violin)
ロンドン交響楽団/指揮:ローレンス·フォスター
MPHONY ORG",,,,,,,,,,,,,,,,,,
,"BEETHOVEN
VIOLIN CONCERTO
KYUNG-WHA CHUNG",,국내/클래식,1979,EU,,정경화,I. Allegro ma non troppo,II. Larghetto III Rondo,,,,,,,,,,,,,,,,,,
,"Kyung Wha
Chung

Con amore",,국내/클래식,,EU,,정경화,"Side 1 . Face 1 .S

카프리스 · A단조 : 비에냐프스키

ge.Face 1 . Seite 1 (28.39)
Fritz Kreisler (1875-1962)
. La Gitana (2.55)
2. Liebesleid (3.28)
Ede Poldini (1869-1957)/Fritz Kreisler
3. Dancing Doll (2.
Henri Wieniawski (1835-1880
ed. Zino Fran
4. Scherzo-Tarantella, op.16 (4.36)
Edward Elgar (1857-1934)
5. Salut d'amour, op.12 (2.54)
6. La Capricieuse, op.17 (4.23)
Pyotr Ilyich Tchaikovsky (1840-1893)/
Michael Press

가보트 : 고세크

7. Valse sentimentale, op.51 no.6 (2.24)
Fritz Kreisler
8. Praeludium und Alle
(in the style of Gaetano Pugnani) (5.39)","Ottokar Nováček ((1866-1900)
ed. Josef Gingold
1. Moto per
. Moto perpetuo (2.57)
de Debussy (1862-1918)/
Jascha Heifetz
2. Beau soir (2.19)
Frédéric Chonin (1910 1
Nathan Milstein
. Nocturne in C sharp minor
t diese mineur . cis-moll (3.46)
Henri Wieniawski/Fritz Kreisler
. Caprice in A minor . la mineur . a-moll (
Francois-Joseph Gossec (1734-1829)/
JOSEPa MSEe
Fritz Meyer
5. Gavotte (2.43
Fritz Kreisler
6. Liebesfreud (3.11)
Cecile Chaminade (1857-1944)/
Fritz Kreisler
7. Serenade espagnole (2.3
Camille Saint-Saëns (1835-1921)
Eugène Ysaÿe
8. Caprice (after Etude en forme de valse
op.52 no.6) (8.16)
es Brahms (1833-1897)/
Joseph Joachim
9. Hungarian Dance No.1 (3.13)",,,,,,,,,,,,,,,,,,
,Franck: Sonata for Violin and Piano in A major,,국내/클래식,1980,EU,,정경화,"CESAR FRANCK: SONATA FOR VIOLIN & PIANO

AIR

. Allegretto ben moderato (5.57)
II. Allegro (8.13)
III. Recitativo-Fantasia (7.05)

180g

IV. Allegretto poco mosso (6.18)","DEBUSSY: SONATA FOR VIOLIN & PIANO

PRESSED IN GERMANY

I. Allegro vivo (4.43)
II. Intermède. Fantasque et léger (5.03)
III. Finale. Très animé (4.15)",,,,,,,,,,,,,,,,,,
,"Kyung Wha Chung

Orchestre symphonique de Montréal

Charles Dutoit",,국내/클래식,1982,EU,,정경화,"kv: Violin Concerto . Violinkonzert
Tchaikovsky: Violin (
D major · ré majeur · D-dur, Op.35
. 1 Allegro moderato (17.49)
II Canzonetta. Andante
III Finale. Allegro vivacissimo (16.36)","Mendelssohn: Violin Concerto · Violinkonzert
E minor . mi mineur e-moll, Op.64 (25.33)
Allegro molto appass
II Andante
III Allegretto non troppo. Allegro molto vivace",,,,,,,,,,,,,,,,,,
,KYUNG WHA CHUNG VIOLIN BACH,,국내/클래식,2016,,,정경화,"Sonata No.1 in G minor, BWV 1001
Adagic

Sonata No.3 in C, BWV 1005

Fuga

4.07
5.05

Siciliana

3.13

Presto

4.01","Partita No.1 in B minor, BWV 1002
Allemanda

6.43

Corrente

6.51

Sarabande

4.15

Tempo di Borea

6.32

6.49","Sonata No.2 in A minor, BWV 1003
Grave

4.24

Fuga

4.24
8.09

Andante

014

Allearo

5.08
5.39","Partita No.2 in D minor, BWV 1004
Allemanda

4.35

Corrente

2.40

Sarabanda
Giaa

4.00

Ciaccon

4.20","Sonata No.3 in C, BWV 1005
Adagio
Fuga

5.48
014

Largo

3.29

5.39

Allegro assai

5.29","Partita No.3 in E, BWV 1006
Freludlo

3.24
4.15

Gavotte en rondeau

2.57

Menuet I - Menuet II

2457

Bourree

.09
",,,,,,,,,,,,,,
,"Kyung Wha Chung
VIOLIN SONATA",,국내/클래식,1997,프랑스,,정경화,"I.
Vivace ma non troppo","II. Adagio
III. Allegro molto moderato","I. Allegro amabile
II. Andante tranquillo - Vivace
III. Allegretto grazioso (quasi andante)","I.
Allegro
II. Adagio
III. Un poco presto e con sentimento
IV. Presto agitato",,,,,,,,,,,,,,,,
,MUAK/ORCHESTBAL WORKS Isang Yun,,국내/클래식,1985,일본,,윤이상,"1.ムアーク(1978)〔18:11〕
~オーケストラのための幻想的舞曲
MUAK
Tänzerische Fantasie für grosses Orchester, 1978","2.ピース·コンチェルタンテ(1978)〔14:08〕
~2つのヴァイオリンのための
PIÈCE CONCERTANTE
für Kammer-Ensemble oder Kleines Orchester, 1978","3.ソナチナ(1983)〔14:20〕
SONATINA

fir 2 Vio
für 2 Violinen, 1983",,,,,,,,,,,,,,,,,
,ISANG YUN,,국내/클래식,2000,독일,,윤이상,,,,,,,,,,,,,,,,,,,,
,ISANG YUN 2KANTATEN,,국내/클래식,1977,독일,,윤이상,"DER WEISE MANN
AN DER SCHWELLE
PIRI",,,,,,,,,,,,,,,,,,,
,ISANG YUN I SELECTED WORKS FOR CLARINET,,국내/클래식,,일본,,윤이상,"クラリネット協奏曲(1981)
Concerto for Clarinet and Orchestra (1981)
エドゥアルド·ブルンナー(クラリネット)
Eduard Brunner, clarinet
パトリック·トーマス(指揮)
Patrick Thomas, conductor
バイエルン放送交響楽団
Symphonie-Orchester des Bayerischen Rundfunks","クラリネットとピアノのための“リウル”(1968)
""Riul"" for Clarinet and Piano (1968)
エドクアルド·ブルンナー(クラリネット)、

47500177

Eduard Brunner, clarinet
アロイス·コンタルスキー(ピアハ)
Aloys Kontarsky, piano
“ピリ”(1971)
""Piri"" (197))

ポンティの手にかがる使

エ ド ゥ ア ル ド · ブ ル ン ナ ー
Eduard Brunner, clarinet",,,,,,,,,,,,,,,,,,
,"Isang Yun
Konzertante Figuren
für Kleines Orchester",,국내/클래식,1972,일본,,윤이상,,,,,,,,,,,,,,,,,,,,
,"COMPOSITIONS OF ISANG YUN-4

DOUBLE CONCERTO

for Oboe, Harp and Small Orchestra",,국내/클래식,,일본,,윤이상,"オ ー ボ エ と ハ ー プ の た め の
二重協奏曲

DOUBLE CONCERTO
oboe, harp and small orchestra
ハインツ·ホリガー(オーボエ)
Heinz Holliger, oboe
ウルスラ·ホリガー(ハープ)
Ursula Holliger, harp
デニス·ラッセル·デイヴィス指揮
Dennis Russel Davies, conductor
ザールブリュッケン放送交響楽団
RUNDFUNK-SINFONIEORCHESTER, SAARBRUCKEN","イ マ ー ジ ュ

~フルート、オーボエ、ヴァイオリンとチェロのための
""IMAGES""

ピース·コンチェルタンテ

for Flute, Oboe, Violin and Violoncello
オーレル·ニコレ(フルート)

~2つのヴァイオリンのための

Aurele Nicolet, flute

ハンス·シェンダー(指揮)

ハインツ·ホリガー(オーボエ)

ザールブリュッケン放送恋響楽用

Heinz Holliger, oboe
ハンスハインツ·シュネーベルガー(ヴァイオリン)
Hansheinz, Schneeberger, violin
トーマス·デメンガ(チェロ)
Thomas Demenga, violoncello",,,,,,,,,,,,,,,,,,
,ISANG YUN Loyang,,국내/클래식,1967,독일,,윤이상,,,,,,,,,,,,,,,,,,,,
,ISANG YUN LOYANG REAK,,국내/클래식,,,,윤이상,"室内果卖
奏のための
西トイツ放送交響楽団
Leitung:Hans Zender
指案
ノス·ツェンダ
ヴァイオリーとビアノのための
歌詞 カーサ)

ザシュコ·ガウリロフウーィイリー
ベルンハルト·コンシルスキーキア!","大オービストラの伝めけ
礼聚くレーアク

Leitung:Ernest Bour

南西トイツ放送交響楽区
指痛ーエルネスト·プッント

Tuyaux sonores, fur Orgel 11 25

オルガンのための

Gerd Zacher (Orgel)

トゥミー·ソノーレ",,,,,,,,,,,,,,,,,,
,최현수 리사이틀,,국내/클래식,1991,대한민국,,최현수,"F. Schubert 슈베르트
1. Der Lindenbaum 보리수
2. Die Forelle 송어
. Der Neugierige 알고자하는 마음
1. Standchen 세레나데
P.I. Tchaikovsky 차이코프스키
5. Net, tolko tot kto znal 다만 그리움을 아는 이만이
(None, but the lonely heart)
6. Snova, kak prezhde, adeen 예전같이 나는 홀로라네
(Again, as before, alone)","H. Duparc 뒤파르크
1. Chanson Triste 슬픈 노래
2. L'Invitation au Voyage 여로에의 초대
M. Ravel 라벨
3. Chanson a boire from Don Quichotte a Dulcinee
<될시네 공주에게 마음쏠리는 돈키호테> 중 축배의 노래","F.P. Tosti 토스티
1. Marechiare 마레키아레
2. Ideale 이상
3. La serenata 세레나데
4. Segreto 비밀
5. Aprile 4월","Encore !! 앵콜곡
1. E canta il grillo (V. Billi) 귀뚜라미의 노래 (빌리)
. Occhi di fata (L. Denza) 선녀의 두눈 (덴차)
3. Parlami d'amore, Mariu ! (C. A. Bixio)
사랑을 말해주오, 마리유! (빅시오)
4. L'ultima canzone (F.P. Tosti) 최후의 노래 (토스티)",,,,,,,,,,,,,,,,
,HANS CHOI,,국내/클래식,1992,,,최현수,"I. Vaga luna, che inargenti (4:13
아름다운 달
2. Ma rendi pur contento (3:40)
사랑이여 날 만족케 해주오
DONIZETTI · 도니제티
3. Me voglio fa'na casa (3:11)
집을 한채 짓고싶어
SCHUMANN· 슈만
4. Mit Myrten und Rosen (4:39)
미르테와 함께 장미꽂을
5. Meine Rose (4:03)
나의 장미
6. Schöne Wiege meiner Leiden (4:59)
슬픔의 요람이여","ICHAIKOVSKY · 차이코프스키
7. Nyet, tolko tot kto znal (3:39
다만 그리움을 아는 이만이
8. Serenada Don Juana (3:13)
돈환의 세레나데
9. Snova, kak prezhd'e, adin (2:54)
예전같이 나는 홀로라네
LISZT · 리스트
Tre sonetti di Petrarca
페트라르카의 시에 의한 3개의 노래
10. I Pace non trovo (8:18)
평화는 찾지 못하고
11. II Benedetto sia 1 giorno (7:02)
축복있으라 날(日), 달(月), 해(年)에게","12. ⅢI I vidi in terra angelici costumi (7:06) - 지상의 천사 같은 자태
TOSTI · 토스티
13. Ideale (3:46)
이상
14. Malia (3:22)
매혹
15. Tristezza (4:27
스표
16. Aprile (4:20)
4월","DI CAPUA · 디 카푸아
17. O Sole Mio (3:11)
오 나의 태이
YEON-JOON, KIM · 김연준
18. I'll Live Among the Green Hill (4:10)
청산에 살리라
ITALIAN FOLK SONG · 이탈리아 민요
19. Tiritomba (1:30)
티리톰비
DE CURTIS · 데 쿠르티스
20. Torna A Surriento (2:30
돌아오라 소렌토로
YONG-HA, YOON · 윤용하
21. In the Barley Field (6:30)
보리밭",,,,,,,,,,,,,,,,
,FURTHER STUDIES IN HIGH FIDELITY,,수입/클래식,,,,,,,,,,,,,,,,,,,,,,,,
,"千と千尋の神隠し

上うキルののいしに

サウンドトラック",,수입/world & jpop,2001,일본,,,"1.あの夏へ
2.とおり道
3.誰もいない料理店
4.夜来る
5.竜の少年
6.ボイラー虫
7.神さま達
8.湯婆婆","1.湯屋の朝
2.あの日の川
3.仕事はつらいぜ
4.おクサレ神
5.千の男気
6.底なし穴
7.カオナシ","1.6番目の駅
2.湯婆婆狂乱
3.沼の底の家
4.ふたたび
5.帰る日
6.いつも何度でも※",,,,,,,,,,,,,,,,,
,"魔女の宅急便

サントラ音楽集",,수입/world & jpop,2020,일본,,,"1.晴れた日に…
2.旅立ち
3.海の見える街
4.空とぶ宅急便
5.パン屋の手伝い
6.仕事はじめ
7.身代りジジ
8.ジェフ
9.大忙しのキキ
10.パーティーに間に合わない","1.オソノさんのたのみ事…
2.プロペラ自転車
3. とべない!
4.傷心のキキ
5.ウルスラの小屋へ
6.神秘なる絵
7.暴飛行の自由の冒険号
8.おじいさんのデッキブラシ
9.デッキブラシでランデブー
10. ルージュの伝言※
11.やさしさに包まれたなら",,,,,,,,,,,,,,,,,,
,魔女の宅急便 イメージアルバム,,수입/world & jpop,2020,일본,,,"1.かあさんのホウキ
2.ナンパ通り
3. 町の夜
4.元気になれそっ
5.渚のデイト
6.風の丘","1.トンボさん
2.リリーとジジ
3.世界って広いわ
4.パン屋さんの窓
5.突風
6.木洩れ陽の路地",,,,,,,,,,,,,,,,,,
,君たちはどう生きろか サウンドトラック,,수입/world & jpop,2023,일본,,,"1.Ask me why(疎開)
2.白壁
3.青サギ
4.追憶
5.青サギⅡ
6.黄昏の羽根
7.思春期
8.青サギⅡ
9. 静寂
10.青サギの呪い
11.矢羽根
12.Ask me why(母の思い)","1.ワナ
2.聖域
3. 墓の主
4. 箱船
5.ワラワラ
6.転生
7.火の雨
8.呪われた海
9.別れ","1. 回顧
2.急接近
3.陽動
4.炎の少女
5.眞人とヒミ
6.回廊の扉
7. 巣穴
8.祈りのうた(産屋)
9.大伯父
10. 隠密
11.大王の行進","1.大伯父の思い
2.Ask me why(眞人の決意)
3. 大崩壊
4.最後のほほえみ
5.地球儀/米津玄師",,,,,,,,,,,,,,,,
,"JOE HISAISHI IN VIENNA

SYMPHONY NO. 2 · VIOLA SAGA",,수입/클래식,2024,독일,,히사이시조,"SYMPHONY NO. 2
SIDE A

1.

WHAT THE WORLD IS NOW?

11:45

1I. VARIATION 14

11:19

SIDE B
III. NURSERY RHYME

.14:41","VIOLA SAGA
SIDE A
MOVEMENT 1

.. 11:23

SIDE B
MOVEMENT 2

.. 10:0",,,,,,,,,,,,,,,,,,
,もののけ焼,,수입/world & jpop,2020,일본,,,"1.第一章 アシタカ站記
2.第二章 TA·TA·RI·GAMI
3.第三章 旅立ち~西へ~
4.第四章 もののけ姫","1、第五章 シシ神の森
2.第六章 レクイエム~呪われた力~
3.第七章 黄泉の世界~生と死のアダージョ~
4.第八章 アシタカとサン",,,,,,,,,,,,,,,,,,
,もののけ姫,,수입/world & jpop,2020,일본,,,"1. アシタカ脂記
2. タタリ神
3.旅立ち 一西ヘー
4.呪われた力
5.穢土
6.出会い
7.コダマ達
8. 神の森
9.夕暮れのタタラ場
10.タタリ神Ⅱ一うばわれた山ー","1.エボシ御前
2. タタラ踏む女達ーエボシ タタラうた
3.修羅
4.東から来た少年
5.レクイエム
6. 生きろ
7.シシ神の森の二)
8. もののけ姫 インストゥルメンタル バージョン
9. レクイエムⅡ","1.もののけ姫 ヴォーカル
2.戦いの太鼓
3.タタラ場前の闘い
4.呪われたカⅡ
5. レクイエムⅢ
6. 敗走
7.タタリ神Ⅲ","1.死と生のアダージョ
2.黄泉の世界
3.黄泉の世界Ⅱ
4.死と生のアダージョⅡ
5.アシタカとサン
6.もののけ姫 ヴォーカル エンディング
7.アシタカ輩記 エンディング",,,,,,,,,,,,,,,,
,産の上のポニョ,,수입/world & jpop,2021,일본,,,"1.深海牧場
2.海のおかあさん
3.出会い
4.浦の町
5. クミコちゃん
6.ポニョと宗介
7.からっぼのバケツ
8. 発光信号
9.人間になる!
10. フジモト","1. いもうと達
2.ポニョの飛行
3. 嵐のひまわりの家
4. 波の魚のポニョ
5. ポニョと宗介Ⅱ
6. リサの家
7.新しい家族
8. ポニョの子守唄
9. リサの決意
10. グランマンマーレ
11.流れ星の夜","1. ポンポン船
2. ディプノリンクスの海へ
3. 船団マーチ
4. 赤ちゃんとポニョ
5.船団マーチⅡ
6.宗介の航海
7.宗介のなみだ
8.水中の町
9.母の愛
10.トンネル
11.トキさん
12. いもうと達の活躍
13.母と海の讃歌
14.フィナーレ
15.崖の上のポニョ(映画バージョン)",,,,,,,,,,,,,,,,,
,トトロ となりの,,수입/world & jpop,1988,일본,,,"こんまーオープニング主題歌
詞/中川李枝子 作曲·編曲/久石讓
歌/井上あずみ 2分43秒
五月の村
作曲/久石譲 編曲/平部やよい 1分35秒
オバケやしき!
曲·編曲/久石讓 1分22秒
メイとすすわたり
作曲·編曲/久石讓 1分39秒
夕暮れの風
作曲·編曲/久石譲1分01秒
こわくない
作曲·編曲/久石讓 44秒
おみまいにいこう

サウンドトラック集

作曲·編曲/久石讓 1分2|秒
おかあさん
作曲·編曲/久石譲 スキャット/井上あずみ 1分05秒
小さなオバケ
作曲·編曲/久石讓 3分51秒

ト7口

作曲/久石譲 編曲/久石譲、平部やよい 3分07秒
塚森の大樹
曲·編曲/久石讓 2分14秒
まいご
作詞/中川李枝子 作曲·編曲/久石譲
歌/井上あずみ 3分49秒","虱のとおり道
インストゥルメンタル)作曲·編曲/久石譲 3分18秒
ずぶぬれオバケ
編曲/久石讓 2分33秒
月夜の飛行
作曲/久石譲 編曲/久石譲、平部やよい 2分04秒
メイがいない
作曲/久石譲 編曲/平部やよい 2分27秒
ねこバス
作曲/久石譲 編曲/平部やよい 2分1秒
よかったね
作曲/久石譲 編曲/平部やよい 1分14秒
となりのトトローエンディング主題歌
作詞/宮崎駿 作曲·編曲/久石譲 4分17秒
さんぼ
昌つき)作詞/中川李枝子
作曲/久石讓 編曲/武市昌久
歌/井上あずみ、杉並児童合唱団 2分4",,,,,,,,,,,,,,,,,,
,HOWL'S MOVINGCASTLE,,수입/world & jpop,2020,,,,"01. -オープニング-人生のメリーゴーランド

02. 陽気な軽騎兵

03. 空中散歩

04. ときめき

05. 荒地の魔女

06. さすらいのソフィー

07.魔法の扉

08. 消えない呪い

09. 大掃除

10.星の湖(うみ)へ","11. 静かな想い

12.雨の中で

13. 虚栄と友情

14. 90歳の少女

15. サリマンの魔法陣~城への帰還

16. 秘密の洞穴

17. 引越し

18. 花園

19. 走れ!

20.恋だね","1. ファミリー
2. 戦火の恋
3. 脱出
4. ソフィーの城
5.星をのんだ少年
6.ーエンディングー世界の約束~人生のメリーゴーランド",,,,,,,,,,,,,,,,,
,THE BEST OF WES MONTGOMERY,,수입/재즈,,미국,,,"1. I'VE GROWN ACCUSTOMED TO HER FACE
(Lerner, Loewe) (Chappell & Co., Inc .- ASCAP)
2. LOVE WALKED IN
(George & Ira Gershwin)
I & Co., Inc .- ASCAP
3. DARN THAT DREAM
(De Lange, Van Heusen)
Bregman' Vocco & Conn-ASCAP)
4. 'ROUND MIDNIGHT
(Monk, Williams) (Advanced Music-ASCAP)
5. YESTERDAYS
(Harbach, Kern) (T. B. Harms-ASCAP)","1. (I DON'T STAND) A GHOST OF A CHANCE
(Crosby, Washington,usic_ASCAP)
2. ONE FOR MY BABY
(Mercer, Arlen) (E. H. Morris & Co .- ASCAP)

y was using

3. I WISH I KNEW
(Gordon, Warren) (Triangle Music-ASCAP)
4. THE LAMP IS LOW
(Parish, DeRose, Shefter) (Robbins Music-ASCAP)",,,,,,,,,,,,,,,,,,
,helen merrill,,수입/재즈,1957,미국,,,"DON'T EXPLAIN
(Holiday-Herzog) 5:13
YOU'D BE SO NICE TO COME HOME TO
(Cole Porter) 4:22
WHAT'S NEW
(Burke-Hagg
AITH, guitar
(Burke-Haggart) 5:04
N LOVE WITH LOVE
FALLING IN LOVE W
(Rodgers-Hart) 3:56","YESTERDAYS
(Kern-Harbach) 6:0
BORN TO BE BLUE
(Hoffman-Silver) 5:1
'S WONDERFUL
(George & Ira Gershwin) 3:16
BYE BYE BLACKBIRD
(Hernderson-Dixon) 2:57",,,,,,,,,,,,,,,,,,
,ECM,,수입/world & jpop,1983,독일,,Ralph Towner Paul McCandless Collin Walcott Glen Moore,"[1.]
The Rapids (Towner)

8:25

[5.]

Arianna (Moore)

6:25

Towner: Prophet 5 synthesizer, piand

McCandless: oboe, English horn

Moore: bass
McCandless: soprano saxophone

Towner: 12-string guitar, Prophet 5
Walcott: sitar

Walcott: percussion

Moore: bass

(Towner, Distant Hills Music-ASCAP)

(Moore, Moore Music-ASCAP)

[2.]
Beacon (Oregon)

2:52

[6.]

There Was No Moon That Night (Oregon)
7:17

Moore: viola

McCandless: bass clarinet

McCandless: oboe

Walcott: percussion

Towner: Prophet 5

Moore: bass

Walcott: percussion

Towner: classical guitar, Prophet 5

(Oregon, Grazing Dreams Music-ASCAP)

Oregon, Bocal Music-ASCAP)

[3.]
Taos (Oregon)

6:11

[7.]
Skyline (Oregon)

1:18

McCandless: tin flute
Towner: classical guitar, Prophet 5

Towner: Prophet 5
Moore: bass

Walcott: percussion, tongue drum

Walcott: percussion

Moore: bass

(Oregon, Distant Hills Music-ASCAP)

Oregon, Grazing Dreams Music-ASCAP)

[4.]

[8.]

7:51

Beside a Brook (McCandless)

Impending Bloom (Moore)

4:19

McCandless: English horn, musette

VcCandless: oboe, English horn

Walcott: bass drum, voices

Towner: piano, Prophet 5
Moore: bass

Towner: Prophet 5
Moore: piano, bass

(McCandless, Bocal Music-ASCAP)

(Moore, Moore Music-ASCAP)",,,,,,,,,,,,,,,,,,,
,Distaut ,,수입/클래식,1973,미국,,,"1.AURORA
2.DARK SPIRIT
3.MI CHINTA SUITE","1. DISTAUT HILLS
2.CANYON SONG
3. SONG FOR A FRIEND
4. CONFESSION",,,,,,,,,,,,,,,,,,
,CALIFORNIA BLUES,,수입/pop,,,,,,,,,,,,,,,,,,,,,,,,
,WILLIAM GALISON,,수입/pop,1989,,,WILLIAM GALISON,"LOOKS LIKE DECEMBER (4:24) 
WHEN I FALL IN LOVE (6:14) 
JULIA (3:30)
ANTONIO'S SONG (5:47)
OVERJOYED (5:59)","SWEET LOVE (5:08)
NO MORE BLUES (6:47)
(V. Young/E. Heyman)
JUST THE WAY YOU ARE (4:46)
NIGHT IN NEW YORK (5:22)
CLOSE AS WE CAN GET (4:22)",,,,,,,,,,,,,,,,,,
,"ELVIN JONES JAZZ MACHINE ""Live in Japan 1978""",,수입/재즈,1990,,,ELVIN JONES,"1. E.J.Blues
Elvin Jones

(15:27)

Dukyun Industries

2. House That Love Built
Frank Foster","1. A Love Supreme

(26:45)
Part 1 Acknowledgement
Part 2 Resolution
John Coltrane",,,,,,,,,,,,,,,,,,
,"Duke
Ellington
THE
ORCHESTRA",,수입/클래식,1987,,,Duke Ellington,"Satin Doll
Cottontail
Prelude To A Kiss
Perdido","22 Cent Stomp
Do Nothin' Till You Hear From Me
In A Mellotone
Take The A Train",,,,,,,,,,,,,,,,,,
,Pat Metheny & Lyle Mays,,수입/pop,1980,미국,,,"As Falls Wichita,
So Falls Wichita Falls
20 :4","Ozark 4:03
September Fifteenth (dedicated to Bill Evans) 7: 44
""It's For You"" 8 : 20
Estupenda Graça 2:40",,,,,,,,,,,,,,,,,,
,"DI MEOLA JOHN MC
CLAUGHLIN DE LUCIA",,수입/pop,1981,,,,"1. MEDITERRANEAN SUNDANCE/RIO ANCHO
Composers: Al Di Meola and
Paco DeLucia
Performed by Paco DeLucia (Left Channel)
and Al Di Meola (Right Channel)
2. SHORT TALES OF THE BLACK FOREST
Composer: Chick Corea
Performed by John McLaughlin (Left Channel)
and Al Di Meola (Right Channel)","1. FREVO RASGADO
Composer: Egberto Gismonti
Performed by John McLaughlin
(Left Channel) and Paco DeLucia (Right Channel)
2. FANTASIA SUITE
Composer: Al Di Meola
Performed by Paco DeLucia (Left Channel)
John McLaughlin (Middle Channel),
Al Di Meola (Right Channel)
3. GUARDIAN ANGEL
Composer: John McLaughlin
Performed by Paco DeLucia
(Left Channel), John McLaughlin (Middle Channel),
Al Di Meola (Right Channel)",,,,,,,,,,,,,,,,,,
,GETZ GILBERTO,,수입/pop,1963,미국,,GETZ GILBERTO,"side one

STAN GETZ

THE GIRL FROM IPANEMA BMI ... 5:15

JOAO GILBERTO

DORALICE RMI ... 2:45
PRA MACHUCAR MEU CORACAO BMI ... 5:07
DESAFINADO BMI ... 4:05","side tico

Direrre Encincering: Val Valentit

CORCOVADO BMI ... 4:15
SO DANCO SAMBA BMI ...

Produced by

O GRANDE AMOR BMI ... 5:25

rud Laylo

VIVO SOHANDO RMI ... 2.52",,,,,,,,,,,,,,,,,,
,AL DI MEOLA,,수입/pop,,,,,,,,,,,,,,,,,,,,,,,,
,CHET,,수입/재즈,1959,미국,,CHET BAKER,"ALONE TOGETHER (Dietz-Schwartz) 6:46
HOW HIGH THE MOON (Hamilton-Lewis) 3:31
IT NEVER ENTERED MY MIND (Rodgers-Hart) 4:36
'TIS AUTUMN (Henry Nemo) 5:12","IF YOU COULD SEE ME NOW (Tadd Dameron) 5:11
SEPTEMBER SONG (Anderson-Weill) 3:00
YOU'D BE SO NICE TO COME HOME TO (Cole Porter) 4:38
TIME ON MY HANDS (Adamson-Gordon-Youmans) 4:27
YOU AND THE NIGHT AND THE MUSIC (Dietz-Schwartz) 3:50",,,,,,,,,,,,,,,,,,
,MICHAEL FRANKS . BURCHFIELD NINES,,,,,,,"A1. WHEN THE COOKIE JAR IS EMPTY 5:09

L2. A ROBINSONG 3:48

A3. BURCHFIELD NINES 4:38","1. MEET ME IN THE DEERPARK 5:59

A 2. DEAR LITTLE NIGHTINGALE 5:00

3. VIVALDI'S SONG 4:13",,,,,,,,,,,,,,,,,,
,MARK-ALMOND OTHER PEOPLES ROOMS,,수입/pop,,,,MARK-ALMOND,"THE CITY
GIRL ON TABLE 4
YOU LOOK JUST LIKE A GIRL AGAIN
OTHER PEOPLES ROOMS","ONELY PEOPLE
PBODODED BY TOMMY ITPUMA. 

GIRL ON TABLE 4

JUST A FRIEND
RECORDED BY HANK CICALO
THEN I HAVE YOU
AND AL SCHMITT
VIVALDI'S SONG
MIXED BY AL SCHMITT",,,,,,,,,,,,,,,,,,
,Nina Simone,,수입/pop,1988,독일,,Nina Simone,"It's Cold Out Here 5'35
Apple Jaw Music
Porgy 4'59
New Adaptation & Arrangement Nina Simone & Eddie Singleto
Chappell and Co. Inc./Gershwin Publishing Co.
I Sing Just To Know That I'm Alive 3'26
(Nina Simone) Thandewyne Music
For A While 2'54
Bob Gaudic dake Holmes)
De Valbo Music Co./Sergeant Music Co","Fodder On Her Wings
5'12
(Nina Simone) Thandewyne Musid
Touching And Caring 5'32
Eddie Singleton) Tarca Music
Saratoga
3'20
Sam Waymon, Bill Gunn) Annubus Music
You Must Have Another Lover
4'30

(Arthur Adams) Apple Jaw Music",,,,,,,,,,,,,,,,,,
,"Rob Wasserman
solo",,수입/pop,,미국,,Rob Wasserman,"Thirteen
Lima Twist
Sunway
Punk Sizzle
Clare
Lady Be Good
Strumming","Bass Blue
Bass Space
April Aire
Freedom Bass Dance
Ode to Casals
Sara's Rainbow Song",,,,,,,,,,,,,,,,,,
,"CHET BAKER TRIO

This
Is Always",,수입/재즈,1982,덴마크,,CHET BAKER,"LE METEQUE
(거류민)-2'30.
LA MER M'A DONNE
(바다가 내게 주었네)-2'45
GASPARD
(à la guitare : R. Gimenez et Sylvano)
(가스파르)- 2'50
VOYAGE
항해)-2'15
LE FACTEUR
우편배탈부)-4'11
NATALIA
(나탈리아)-1'55","MA SOLITUDE
(나의 고독)-2'59
IL EST TROP TARD
(너무 늦었네)-2'40
LA CARTE DU TENDRE
(사랑의 지도)-3'01
LE TEMPS DE VIVRE
(du film ""Le Temps de Vivre "")
(자유로운 삶을 향하여)-252
JOSEPH
요셉)-225
RUE DES FOSSES SAINT-JACQUES
(생쟈크 광장)-129",,,,,,,,,,,,,,,,,,
,Bravo! Jazz Life,,수입/재즈,2010,,,,"I Loves You Porgy - 배장은
Valse Primavera -라벤타나
Blame It On My Youth - 웅산 밴드
Festivo -페루스
After The Love Has Gone -배장은","강선생 브루스 - 임인건
Yesterday - 웅산 밴드
Farewell - 윈터플레이
You Are So Beautiful - 이정식 & 이발차
길 (The Road) - 전성식 스트링 트리오","My Way - 김준 & 재즈파크 빅밴드
Whisper Not - 한국재즈 1세대 밴드
Moonglow - 한국재즈 1세대 밴드
Reminiscence - 이선지","류복성의 수사반장 -류복성 재즈 올스타
Corcovado - 김수열 쿼텟
Polka Dots & The Moonbeam - 김수열 쿼텟
All of Me - 박성연 & 한국재즈, 1세대 밴드
물안개 - 박성연 & 한국재즈 1세대 밴드",,,,,,,,,,,,,,,,
,"CANNONBALL
ADDERLEY

SOMETHIN'

ELSE",,수입/재즈,2015,EU,,"MILES DAVIS
HANK JONES
SAM JONES
ART BLAKEY",,,,,,,,,,,,,,,,,,,,
,"I'm Alright

WOONG SAN",,국내/가요,2018,독일,,WOONG SAN,"01 > Smoke Gets In Your Eyes 05:56
Lyrics by Otto Harbach Music by Jerome Kern Arranged by John Beasley
02> Heartless 03:28
Lyrics by Juhan Lee Music by Jami Soul Arranged by Jami Soul
03 > Bear Walk 04:29
Lyrics by Lauren Kinhan Music by Jiro Yoshida Arranged by John Beasley
04> Too Far 04:38
Lyrics by Woong San Music by Jami Soul Arranged by Jami Soul
05 > Love Is A Losing Game 05:06
Lyrics by Woong San, Benny Han Music by Woong San, Jami Soul
Arranged by Jami Soul","01> I'm Alright 04:22
Lyrics by Woong San, Juhan Lee Music by Woong San, Jami Soul
Arranged by Jami Soul
02>
You And The Night And The Music 03:41
Lyrics by Howard Dietz Music by Arthur Schwartzw Arranged by John Beasley
03 > | Love You More Than You'll Ever Know 06:41
Lyrics & Music by Al Kooper Arranged by Woong San
04> | Can't Stand The Rain 05:37
Lyrics & Music by Don Bryant, Ann Peebles, Bernard Miller
Arranged by Woong San
05> Tell Me Why 03:53
Lyrics & Music by Woong San Arranged by Woong San",,,,,,,,,,,,,,,,,,
,TUCK & PATTI,,수입/pop,1988,미국,,"Patti Cathcart: Vocals
Tuck Andress: Guitar","Tears of Joy 3:54
Takes My Breath Away 4:55
I've Got Just About Everything 3:11
Time After Time 4:47
Everything's Gonna Be All Right 3:52","Better Than Anythi
My Romance 3:37
Up and At It 4:58
Mad Mad Me 5:38
Love is the Key 3:48",,,,,,,,,,,,,,,,,,
,THE BEST WOONG SAN,,국내/가요,2008,독일,,WOONG SAN,"1. On a Sunny Day (매일 그대와)

02:48

2. Yesterday

04:29

3. Street Life

04:22

4. The Days of Wine and Roses","1. Hey Boy

04:19

2. Feel Like Makin' Love

04:40

3. Light My Fire

04:11

4. I Love You

04:42","1. It Had to be You

04:20

2. Una Furtiva Lagrima

04:55

3. I can't Help Myself

05:1

4, Savannah Woman

03:46","1. Tomorrow

04:13

2. 미소를 띄우며 나를 보낸 그 모습처럼
04:39

3. Beautiful Arirang

04:29

4. Jazz is My Life

04:06",,,,,,,,,,,,,,,,
,"WHO STOLE THE SKIES
WOONG SAN THE 10th",,국내/가요,2023,,,WOONG SAN,"꿈이로다
비새
I'm not a butterfly
가나다라 Blues","who stole the skies
오늘
틔우리라
사주팔자",,,,,,,,,,,,,,,,,,
,Moon Tenderly,,국내/가요,,,,,,,,,,,,,,,,,,,,,,,,
,Ron Carter Pastels,,,,,,,,,,,,,,,,,,,,,,,,,,
,"CONTEMPORARY

ALTERNATE Takes
SOnny BOLLInS",,,,,,,,,,,,,,,,,,,,,,,,,,
,"Wes Montgomery
Bumpin'

Arranged & Conducted
by DON SEBESKY",,,,,,,,,,,,,,,,,,,,,,,,,,
,"CHRIS
BLUE NOTE
BOTTI",,,,,,,,,,,,,,,,,,,,,,,,,,
,"CHET
BAKER
SINGS",,,,,,,,,,,,,,,,,,,,,,,,,,
,Mariah carey merry christmas,,,,,,,,,,,,,,,,,,,,,,,,,,
,CHRISTMAS JAZZ,,,,,,NAT KING COLE,,,,,,,,,,,,,,,,,,,,
,"GREEN STREET
GRANT GREEN BEN TUCKER, bass, DAVE BAILEY, drums",,,,,,,,,,,,,,,,,,,,,,,,,,
,"ELLA FITZGERALD &
LOUIS ARMSTRONG",,,,,,,,,,,,,,,,,,,,,,,,,,
,lee oskar,,,,,,,,,,,,,,,,,,,,,,,,,,